Id,Name,NumberOfNumericFeatures,PercentageOfNumericFeatures,MinMeansOfNumericAtts,MinStdDevOfNumericAtts,MinKurtosisOfNumericAtts,MinSkewnessOfNumericAtts,MeanMeansOfNumericAtts,MeanStdDevOfNumericAtts,MeanKurtosisOfNumericAtts,MeanSkewnessOfNumericAtts,MaxMeansOfNumericAtts,MaxStdDevOfNumericAtts,MaxKurtosisOfNumericAtts,MaxSkewnessOfNumericAtts,Quartile1MeansOfNumericAtts,Quartile2MeansOfNumericAtts,Quartile3MeansOfNumericAtts,Quartile1StdDevOfNumericAtts,Quartile2StdDevOfNumericAtts,Quartile3StdDevOfNumericAtts,Quartile1KurtosisOfNumericAtts,Quartile2KurtosisOfNumericAtts,Quartile3KurtosisOfNumericAtts,Quartile1SkewnessOfNumericAtts,Quartile2SkewnessOfNumericAtts,Quartile3SkewnessOfNumericAtts,NumberOfSymbolicFeatures,NumberOfBinaryFeatures,PercentageOfSymbolicFeatures,PercentageOfBinaryFeatures,MinAttributeEntropy,MeanAttributeEntropy,MaxAttributeEntropy,Quartile1AttributeEntropy,Quartile2AttributeEntropy,Quartile3AttributeEntropy,MinMutualInformation,MeanMutualInformation,MaxMutualInformation,Quartile1MutualInformation,Quartile2MutualInformation,Quartile3MutualInformation,EquivalentNumberOfAtts,MeanNoiseToSignalRatio,MinNominalAttDistinctValues,MeanNominalAttDistinctValues,MaxNominalAttDistinctValues,StdvNominalAttDistinctValues,NumberOfInstances,NumberOfFeatures,Dimensionality,NumberOfMissingValues,PercentageOfMissingValues,NumberOfInstancesWithMissingValues,PercentageOfInstancesWithMissingValues,NumberOfClasses,ClassEntropy,MinorityClassSize,MajorityClassSize,MinorityClassPercentage,MajorityClassPercentage
3,kr-vs-kp (1),0.0,0.0,,,,,,,,,,,,,,,,,,,,,,,,,37.0,35.0,100.0,94.5945945945946,0.004094030352641959,0.5901482912442314,0.9956521852360184,0.2875600035503529,0.6794996247614244,0.9132329806576944,1.18053e-09,0.01915166562113,0.19826687955488,0.000777595577705,0.00542648921343,0.0184861208375775,52.140401697162645,29.814462977732955,2.0,2.0270270270270268,3.0,0.1643989873053572,3196.0,37.0,0.011576971214017523,0.0,0.0,0.0,0.0,2.0,0.9985755386554582,1527.0,1669.0,47.77847309136421,52.221526908635795
6,letter (1),16.0,94.11764705882351,3.046099999999995,1.546722436319954,-0.4211788221168451,-0.31007906987268463,5.9254656249999975,2.273771145446362,0.6977379005298701,0.29029703410184804,8.338849999999995,3.304555303560268,2.075245046157538,1.1599750154235924,4.174812499999999,5.9132250000000015,7.726012499999999,2.0174388128267267,2.2933721022270195,2.547423135491912,0.3091324958538607,0.8853044390128566,1.1728389823381402,-0.13733042812365298,0.2543345879398813,0.653378002627639,1.0,0.0,5.882352941176469,0.0,,,,,,,,,,,,,,,26.0,26.0,26.0,0.0,20000.0,17.0,0.00085,0.0,0.0,0.0,0.0,26.0,4.69981072657316,734.0,813.0,3.67,4.065
12,mfeat-factors (1),216.0,99.53917050691244,6.7674999999999965,1.9854850353031408,-1.3893209589478623,-1.0738237890694695,318.2703888888889,49.58131318395632,-0.315188200704828,0.027560516903782386,1141.5704999999996,153.51158138902838,1.7012862999932459,0.8630705307139119,14.118125000000004,146.4797499999999,684.5027499999998,5.5426893179096135,30.29006567694612,91.59687126428517,-0.6970467475463484,-0.4026911656287315,0.01138630535997398,-0.2190263674003187,-0.014119361298266794,0.3665125978251143,1.0,0.0,0.4608294930875576,0.0,,,,,,,,,,,,,,,10.0,10.0,10.0,0.0,2000.0,217.0,0.1085,0.0,0.0,0.0,0.0,10.0,3.3219280948873617,200.0,200.0,10.0,10.0
14,mfeat-fourier (1),76.0,98.7012987012987,0.07169202572000001,0.03755549891733618,-1.1252793103314485,-0.12062462029872045,0.13203208401769734,0.0671079516668835,0.11900628082326806,0.5447006835842777,0.37731057175,0.17623067063193093,1.9949226202588048,1.029985534649324,0.08632613466250001,0.1064998764125,0.15576810663375,0.04270430540290948,0.05275929753572176,0.08633520114293441,-0.17890148800194938,0.06302301358113738,0.4381040236923678,0.4089907636277701,0.5542281675523084,0.7107847694791952,1.0,0.0,1.2987012987012987,0.0,,,,,,,,,,,,,,,10.0,10.0,10.0,0.0,2000.0,77.0,0.0385,0.0,0.0,0.0,0.0,10.0,3.3219280948873617,200.0,200.0,10.0,10.0
16,mfeat-karhunen (1),64.0,98.46153846153848,-1.81970727405,0.8923441138647591,-0.944709265915264,-0.3391130927319128,0.053084739246640686,2.1526628287026788,-0.04565484575249607,-0.004285662607736754,2.8911711242900013,7.691305182325388,0.580942601366925,0.4187220480956684,-0.29841679518749986,0.004483087817499814,0.3324611388650001,1.1438482801014436,1.6476505065816718,2.6614803695239697,-0.14952953711034322,-0.017345885787890536,0.07165494057478039,-0.10420201025097076,-0.020815908469464902,0.0591765364965291,1.0,0.0,1.5384615384615383,0.0,,,,,,,,,,,,,,,10.0,10.0,10.0,0.0,2000.0,65.0,0.0325,0.0,0.0,0.0,0.0,10.0,3.3219280948873617,200.0,200.0,10.0,10.0
18,mfeat-morphological (1),6.0,85.71428571428571,0.4924999999999951,0.2913157171953473,-1.0383559313284294,-0.06283666261436584,1052.6997316402776,630.90708251402,-0.536236922624337,0.5315671843447396,6155.2004351565565,3757.634467006599,0.0794938700561878,1.0084830014756712,0.6582499999999927,1.686534392555002,1656.114273214139,0.5715449990560861,0.9208719889146832,958.1661269687644,-0.8692491113871175,-0.6352635311790746,-0.11149071301766612,0.2147713147724888,0.6245331546193721,0.7676581134191288,1.0,0.0,14.285714285714285,0.0,,,,,,,,,,,,,,,10.0,10.0,10.0,0.0,2000.0,7.0,0.0035,0.0,0.0,0.0,0.0,10.0,3.3219280948873617,200.0,200.0,10.0,10.0
40975,car (3),0.0,0.0,,,,,,,,,,,,,,,,,,,,,,,,,7.0,0.0,100.0,0.0,1.584962500721156,1.792481250360578,2.0,1.584962500721156,1.792481250360578,2.0,0.00448571662663,0.11441568230991668,0.26218435655426,0.023627535092365003,0.08507645804554499,0.2302933116434975,10.53824917764504,14.666394799843092,3.0,3.571428571428572,4.0,0.5345224838248487,1728.0,7.0,0.004050925925925926,0.0,0.0,0.0,0.0,4.0,1.2057409700121753,65.0,1210.0,3.7615740740740735,70.02314814814815
22,mfeat-zernike (1),47.0,97.91666666666666,0.07855426092000001,0.0665520027146517,-0.9914117205299372,0.005491522368602323,88.63642941472712,40.12545292175521,0.7353956813037765,0.7908300764747563,508.902571633625,124.19249364407264,4.370101298879665,1.794599514537336,7.5373834934350015,69.881896744535,126.83265674023001,3.7579900876369465,37.878377911282136,65.21134486568818,-0.4612428052581321,0.444046398140002,1.8699835840120704,0.37904887836339535,0.7415928908678675,1.2548334728305888,1.0,0.0,2.083333333333333,0.0,,,,,,,,,,,,,,,10.0,10.0,10.0,0.0,2000.0,48.0,0.024,0.0,0.0,0.0,0.0,10.0,3.3219280948873617,200.0,200.0,10.0,10.0
23,cmc (1),2.0,20.0,3.2613713509843865,2.3585488626874125,-0.9438944908638564,0.2564492054818928,17.89986422267482,5.2928968090790125,0.2928560302339025,0.6777315757939906,32.538357094365246,8.227244755470611,1.5296065513316617,1.0990139461060884,3.2613713509843865,17.899864222674815,32.538357094365246,2.3585488626874125,5.2928968090790125,8.227244755470611,-0.9438944908638564,0.2928560302339025,1.5296065513316617,0.2564492054818928,0.6777315757939906,1.0990139461060884,8.0,3.0,80.0,30.0,0.380671663040156,1.2208122969788784,1.8667550694041888,0.6082239803272842,1.4479885111323352,1.757839343635201,0.00258233237972,0.028888557457444283,0.07090633894894,0.00982050143438,0.03047421456026,0.04013859922938,53.27488523845121,41.25937202912456,2.0,3.125,4.0,0.9910312089651148,1473.0,10.0,0.006788866259334691,0.0,0.0,0.0,0.0,3.0,1.5390345832497478,333.0,629.0,22.606924643584524,42.70196877121521
24,mushroom (1),0.0,0.0,,,,,,,,,,,,,,,,,,,,,,,,,23.0,5.0,100.0,21.73913043478261,0.0,1.4092554739602103,3.030432883772633,0.8286618104993447,1.467128011861462,2.0533554351937418,0.0,0.19825475850613955,0.906074977384,0.034184520425602494,0.17460654518315502,0.27510225484918505,5.0393135801657,6.108305922031972,1.0,5.130434782608695,12.0,3.1809710899501766,8124.0,23.0,0.002831117676021664,2480.0,1.3272536552993814,2480.0,30.526834071885773,2.0,0.9990678968724604,3916.0,4208.0,48.20285573609059,51.797144263909395
26,nursery (1),0.0,0.0,,,,,,,,,,,,,,,,,,,,,,,,,9.0,1.0,100.0,11.111111111111107,1.0,1.7077222622214985,2.3219280948873617,1.584962500721156,1.584962500721156,2.0,0.0043331270252,0.16147320507428375,0.95877496046997,0.0071510516553575,0.020917320958445,0.16557061224186498,10.630221276614538,9.575886330093477,2.0,3.5555555555555562,5.0,1.0137937550497031,12960.0,9.0,0.0006944444444444446,0.0,0.0,0.0,0.0,5.0,1.7164959001837932,2.0,4320.0,0.015432098765432096,33.33333333333333
28,optdigits (1),64.0,98.46153846153848,0.0,0.0,-1.646519852942154,-1.3029924517157276,4.911243327402135,3.686292464928632,168.55386930105925,5.451185659375441,11.989679715302492,6.518238490323084,2807.4985758153466,52.99527777138423,0.26103202846975304,4.565569395017791,9.04915480427047,0.9671170904003789,4.301746897924311,5.86637152935096,-1.3729913768757025,0.07721647432773547,20.296405116214235,-0.32992700595175056,0.5599451157139905,4.0666119739712565,1.0,0.0,1.5384615384615383,0.0,,,,,,,,,,,,,,,10.0,10.0,10.0,0.0,5620.0,65.0,0.011565836298932384,0.0,0.0,0.0,0.0,10.0,3.3218327248667654,554.0,572.0,9.8576512455516,10.177935943060499
30,page-blocks (1),10.0,90.9090909090909,0.3686424264571532,0.17066127880753776,0.6919281142973475,-0.8347174977898819,253.3275863146391,840.2336192978349,652.829669012381,14.71145196752045,1198.4056276265449,4849.37695008372,4816.887814668215,67.42540616199,4.86072186186736,51.66111054266465,459.7251050612191,14.264862124545102,91.90038906506241,1423.1258869272854,3.990658210679456,123.98823394304979,528.4812332352154,1.985556904427686,8.931144052030959,19.73532770124508,1.0,0.0,9.090909090909092,0.0,,,,,,,,,,,,,,,5.0,5.0,5.0,0.0,5473.0,11.0,0.0020098666179426275,0.0,0.0,0.0,0.0,5.0,0.6354628258660037,28.0,4913.0,0.5116024118399416,89.76795176320118
31,credit-g (1),7.0,33.33333333333333,1.1549999999999998,0.3620857717531919,-1.3814485027493757,-0.5313481143125632,476.5838571428569,407.0476188282117,0.9242775257981102,0.9203791257169068,3271.257999999999,2822.73687596044,4.292590308048502,1.9496276798326249,1.4069999999999998,2.9730000000000003,35.54600000000001,0.5776544682460991,1.1187146743126737,12.058814452756392,-1.2104731179379755,0.9197813600546328,1.6492736936699308,-0.2725698140337198,1.09418417155554,1.909444721297511,14.0,3.0,66.66666666666666,14.285714285714285,0.2283640258405646,1.433893225502841,2.666677759851852,0.9089779148834296,1.5321036281187237,1.8749120301493505,0.00096366001491,0.02021632305905615,0.09473884155264,0.005310005973834999,0.01275318647802,0.02650410754481,43.593036016305035,69.92749860170595,2.0,4.0,10.0,2.0380986614602725,1000.0,21.0,0.021,0.0,0.0,0.0,0.0,2.0,0.8812908992306927,300.0,700.0,30.0,70.0
32,pendigits (1),16.0,94.11764705882351,28.845342066957787,16.218570675493947,-1.6857931744696484,-1.4911828752029317,50.711045533115005,29.774238237334853,-0.501042935533417,-0.03919608212030848,85.12026928675397,41.76039983312041,3.0507472845475934,0.948264683112214,35.90636371906841,48.52893013100446,59.60441684861714,26.506410017106628,30.2414923899796,34.22721936799061,-1.1972600845920125,-0.7839021550500958,-0.260617128652207,-0.4250896848780795,0.08645947162697144,0.44735729477907227,1.0,0.0,5.882352941176469,0.0,,,,,,,,,,,,,,,10.0,10.0,10.0,0.0,10992.0,17.0,0.0015465793304221252,0.0,0.0,0.0,0.0,10.0,3.3207717388905955,1055.0,1144.0,9.597889374090249,10.407569141193596
36,segment (1),19.0,95.0,-12.690860359307358,0.0,-1.215870969891144,-0.8853608418421668,24.633144132657648,25.314714480981483,38.51719076973927,3.3209588546592426,124.91385281385281,72.95653249057915,339.2210942729759,16.900935254869903,0.0143338,8.24369225068576,37.05159498454545,1.5453355472372121,19.571818883227998,43.52745802268137,0.09497152241672613,0.6887408923151641,34.34011897757074,0.6910972018286047,1.3027814412574137,5.366954506409352,1.0,0.0,5.0,0.0,,,,,,,,,,,,,,,7.0,7.0,7.0,0.0,2310.0,20.0,0.008658008658008658,0.0,0.0,0.0,0.0,7.0,2.8073549220576046,330.0,330.0,14.285714285714285,14.285714285714285
38,sick (1),7.0,23.33333333333333,0.9949997045790252,0.1954572751132881,4.073471498748956,1.2326742385072782,46.43668969641138,19.05387758896556,51.41313506551009,3.5691918824691085,110.46964865662822,35.604247607641,238.18146237806357,13.882652755041704,1.7588748012696314,28.41132258295655,108.85692077754308,0.6694399621432919,22.3032143933016,33.71833515687218,5.982197043232064,8.871303806575769,90.94248810329344,1.2589465934783108,1.5381528946217138,4.937524038925616,23.0,21.0,76.66666666666667,70.0,0.0,0.33755530471128503,1.5206899125074091,0.0987401719719687,0.2593748523170293,0.4759318019149815,0.0,0.005118661327160454,0.06006915971583,0.0005017739084375,0.00129044182719,0.0033491752406775003,64.92919423455585,64.94601266549154,1.0,2.0869565217391304,5.0,0.6683115412781179,3772.0,30.0,0.007953340402969244,6064.0,5.358784022622834,3772.0,100.0,2.0,0.3323505555321105,231.0,3541.0,6.1240721102863205,93.87592788971371
44,spambase (1),57.0,98.27586206896551,0.005444468593783957,0.07627427063724908,5.257394367988116,1.5916742687064245,6.150770191072137,15.193997694546747,241.17001865177312,11.186639096029253,283.28928493805716,606.3478507248471,1480.642050286291,31.062064279039635,0.06479352314714121,0.10285155400999912,0.2441306237774391,0.31695822185668954,0.4440553289821315,0.8437450862048406,50.655931063002996,127.37652934849571,299.0723734257733,5.8507230150661425,9.724847529978312,13.646188094980593,1.0,1.0,1.7241379310344829,1.7241379310344829,,,,,,,,,,,,,,,2.0,2.0,2.0,0.0,4601.0,58.0,0.012605955227124538,0.0,0.0,0.0,0.0,2.0,0.9673602371807668,1813.0,2788.0,39.404477287546186,60.59552271245382
46,splice (1),0.0,0.0,,,,,,,,,,,,,,,,,,,,,,,,,61.0,0.0,100.0,0.0,1.6679869019048017,1.9780144516767608,2.008563280196724,1.986921112054029,1.9958149659372768,1.998574767602853,0.00239174071595,0.056251973390548826,0.3896406381337501,0.008114095339065,0.012445557396825,0.06388006173431,26.31321143770441,34.16346774083301,3.0,4.754098360655737,6.0,0.5371448502628821,3190.0,61.0,0.01912225705329153,0.0,0.0,0.0,0.0,3.0,1.4801700696136335,767.0,1655.0,24.043887147335425,51.88087774294671
57,hypothyroid (1),7.0,23.33333333333333,0.9949997045790252,0.1954572751132881,4.073471498748956,1.2326742385072782,46.43668969641138,19.05387758896556,51.41313506551009,3.5691918824691085,110.46964865662822,35.604247607641,238.18146237806357,13.882652755041704,1.7588748012696314,28.41132258295655,108.85692077754308,0.6694399621432919,22.3032143933016,33.71833515687218,5.982197043232064,8.871303806575769,90.94248810329344,1.2589465934783108,1.5381528946217138,4.937524038925616,23.0,20.0,76.66666666666667,66.66666666666666,0.0,0.33755530471128503,1.5206899125074091,0.0987401719719687,0.2593748523170293,0.4759318019149815,0.0,0.0023033179412581817,0.01195055117111,0.0003639469204675,0.0010913177000150002,0.002305393613935,202.5849704152198,145.55176285688822,1.0,2.1739130434782608,5.0,0.7776522892681231,3772.0,30.0,0.007953340402969244,6064.0,5.358784022622834,3772.0,100.0,4.0,0.4666175969866338,2.0,3481.0,0.05302226935312832,92.28525980911984
60,waveform-5000 (1),40.0,97.56097560975607,-0.025552000000000002,0.9764529543579722,-0.679051825631459,-0.27203078157249977,0.8994882,1.27111559694555,-0.19641749321969915,0.03546827362426717,3.322468,2.0326737966079764,0.1506082599750216,0.2720371073231119,-0.0009889999999999864,0.03181099999999998,2.00251,0.999686771782126,1.0138703067658228,1.6570866923837764,-0.4849521099111871,-0.05122710616511617,0.019352277802150986,-0.02425950639665907,0.016415358784205282,0.08459325201338166,1.0,0.0,2.4390243902439024,0.0,,,,,,,,,,,,,,,3.0,3.0,3.0,0.0,5000.0,41.0,0.0082,0.0,0.0,0.0,0.0,3.0,1.5848792049207137,1653.0,1692.0,33.06,33.84
179,adult (1),2.0,13.333333333333336,10.078088530363212,2.570972755591832,0.6257452727868169,-0.3165248566609311,94837.1063429016,52803.29819795652,3.341796742625668,0.5611835109304475,189664.13459727284,105604.02542315744,6.05784821246452,1.438891878521826,10.078088530363212,94837.1063429016,189664.13459727284,2.570972755591832,52803.29819795652,105604.02542315744,0.6257452727868169,3.3417967426256685,6.05784821246452,-0.3165248566609311,0.5611835109304475,1.438891878521826,13.0,2.0,86.66666666666669,13.333333333333336,0.3606792438308567,1.6017062538629998,3.44192266924963,0.7981454034288663,1.564179646410626,2.2474183457443537,0.008187042285449999,0.06719846153641416,0.16542318099232994,0.016285621608094998,0.06527298792667,0.09106812244261997,11.813422825673618,22.835460176347212,2.0,9.307692307692307,41.0,10.36327341612851,48842.0,15.0,0.00030711273084640267,6465.0,0.8824372466319971,3620.0,7.411653904426519,2.0,0.7938438393644257,11687.0,37155.0,23.92817656934605,76.07182343065395
180,covertype (1),14.0,25.45454545454545,0.051470654842245785,0.22095671247425627,-1.9545060108644945,-1.1967256628480187,596.2954806917106,259.78493480439795,2.352719417474516,0.771316448179793,2957.980940820522,1558.3862091357196,14.483520267003536,4.059957865315825,0.444448470464613,148.9504316396874,697.1425022419901,0.4968874292832605,32.558462450721585,229.2366709544005,-0.5891031349196856,1.0270869007711485,2.7075826488969112,-0.406323567721426,0.5626301266954175,1.3979769744016588,41.0,40.0,74.54545454545455,72.72727272727273,0.00016482003093436185,0.13786431815708836,0.7200653824788794,0.02141831162374429,0.06195800853751661,0.21689118565308368,4.346203607000001e-05,0.01255092664557925,0.08022647567489,0.0013835637235175,0.006191547996765,0.0231202393571875,148.96587060305657,9.984393587038262,2.0,2.1219512195121952,7.0,0.7808688094430303,110393.0,55.0,0.0004982199958330692,0.0,0.0,0.0,0.0,7.0,1.8696597146338128,1339.0,51682.0,1.2129392262190537,46.81637422662669
181,yeast (1),8.0,88.88888888888891,0.007500000000000028,0.04835096692671292,0.4590599900673196,-1.791640649635345,0.3811969339622642,0.09666403434721273,28.660878425906237,2.91282730365782,0.5047169811320755,0.1372993003895818,105.7387123679822,10.276883707764208,0.26493935309973043,0.4999090296495957,0.5000993935309973,0.0622681060932114,0.09658038798436357,0.1338043104216959,0.8194131151895314,5.033866039807228,78.39139005677906,-0.06158669763090091,1.0245336632828947,8.22298241508482,1.0,0.0,11.111111111111107,0.0,,,,,,,,,,,,,,,10.0,10.0,10.0,0.0,1484.0,9.0,0.006064690026954178,0.0,0.0,0.0,0.0,10.0,2.490417636232728,5.0,463.0,0.3369272237196766,31.19946091644205
182,satimage (1),36.0,97.2972972972973,-0.0008629685847589662,0.99963874376075,-0.9198282387807679,-0.6740118722728707,-0.0005560885260065659,1.0000219953862926,-0.15411688047872,0.04046023385100257,-0.0001263297045101948,1.0002882819750798,1.277985361665814,0.91949549901627,-0.0007437709953344221,-0.0005980934681181398,-0.0003569454121306532,0.9999476046671038,1.0000052923046026,1.0001949690399905,-0.8393811657498382,-0.4798469406404684,0.8509747335126359,-0.5170961259457099,-0.0399749828019159,0.6744458273485395,1.0,0.0,2.7027027027027017,0.0,,,,,,,,,,,,,,,6.0,6.0,6.0,0.0,6430.0,37.0,0.005754276827371696,0.0,0.0,0.0,0.0,6.0,2.4833618760456604,625.0,1531.0,9.720062208398133,23.810264385692072
184,kropt (1),0.0,0.0,,,,,,,,,,,,,,,,,,,,,,,,,7.0,0.0,100.0,0.0,1.7354537613421863,2.5745635363009547,2.999924011045761,1.7560194071858366,2.9748065710007303,2.9996177634733905,0.04616276770208,0.17523258804420005,0.31446969290545,0.049095805782050014,0.17521642560582001,0.29630997170435497,19.997188078115148,13.69226452132041,4.0,8.285714285714286,18.0,4.680252333449759,28056.0,7.0,0.000249500998003992,0.0,0.0,0.0,0.0,18.0,3.50415902053474,27.0,4553.0,0.0962360992301112,16.228257770173936
185,baseball (1),15.0,83.33333333333334,0.2687738805970149,0.02519288408443,0.2523895391254345,-1.8663891071518195,637.4240550806572,324.92966790949765,2.1412222749209304,0.8335889988230164,4534.612686567164,2094.191123804227,8.03249062149215,2.4656389038958446,0.9663701492537312,203.22537313432844,635.3134328358208,0.06056474888614795,116.5760526641402,376.400804482129,0.6304206769153993,1.0929791300745273,3.550029422261427,0.4861180401193656,0.9564090413257388,1.5172748897773132,3.0,0.0,16.666666666666664,0.0,2.425668852801949,2.425668852801949,2.425668852801949,2.425668852801949,2.425668852801949,2.425668852801949,0.01080667579391,0.01080667579391,0.01080667579391,0.01080667579391,0.01080667579391,0.01080667579391,49.97816806853682,223.46022246442445,3.0,5.0,7.0,2.8284271247461903,1340.0,18.0,0.013432835820895522,20.0,0.08291873963515754,20.0,1.4925373134328357,3.0,0.5400978590902226,57.0,1215.0,4.253731343283582,90.67164179104479
273,IMDB.drama (1),1001.0,99.9001996007984,0.004515419412995317,0.06704526511787595,0.2885459095940521,1.5127924964453914,0.019363116064213485,0.12843185758802134,71.54374162265155,8.256563818612891,0.1983724642115816,0.39877580765046106,216.4769066989521,14.780843215812766,0.009804083725468845,0.013074868300281149,0.02038968234934177,0.0985293864307793,0.11359587508159967,0.1413297488233941,44.06719758682721,71.49886009324825,97.01243843588331,6.787226416629242,8.573078647723513,9.95041666469502,1.0,1.0,0.0998003992015968,0.0998003992015968,,,,,,,,,,,,,,,2.0,2.0,2.0,0.0,120919.0,1002.0,0.00828653892274994,0.0,0.0,0.0,0.0,2.0,0.9443735622051304,43779.0,77140.0,36.205228293320324,63.794771706679676
293,covertype (2),54.0,98.1818181818182,5.163404542446465e-06,0.002272308686918377,-1.9577278484070184,-1.1811467396995312,0.8121452147721001,0.3004371098679037,4013.3398609189735,20.551335330690428,11.296583346615904,1.0000011027102131,193667.33331613554,440.0780233744365,0.003134186557250037,0.022560635580707457,0.12413814172467745,0.05586358197098771,0.1484429790403473,0.3240883568141914,5.230444242515247,39.47446864168822,315.6075154423525,2.4559487337466823,6.437434921043668,17.81016185158429,1.0,1.0,1.8181818181818181,1.8181818181818181,,,,,,,,,,,,,,,2.0,2.0,2.0,0.0,581012.0,55.0,9.466241661101664e-05,0.0,0.0,0.0,0.0,2.0,0.999556241348861,283301.0,297711.0,48.759922342395676,51.240077657604324
300,isolet (1),617.0,99.83818770226536,-0.9855127356675644,0.05492585270340472,-1.4737498885033402,-2.3670362287960733,0.06479603695807032,0.4140807323633421,3.6056625652757637,0.44206745255136376,0.8118613569321528,0.9401132093590072,136.53558205054384,10.771901703245778,-0.1437013851481339,0.20226894959599845,0.4174467615749648,0.3400152292895469,0.4059640538802009,0.4943557912221344,-0.7373204127841801,-0.330167859367446,0.3687956928645197,-0.5845181836345901,-0.08674343383154731,0.505854095594404,1.0,0.0,0.16181229773462785,0.0,,,,,,,,,,,,,,,26.0,26.0,26.0,0.0,7797.0,618.0,0.07926125432858792,0.0,0.0,0.0,0.0,26.0,4.700438279876528,298.0,300.0,3.8219828139027836,3.8476337052712575
351,codrna (1),8.0,88.88888888888891,-2.346615409277576,0.999999969526404,-1.166479394004767,-1.0845536319565714,4.039429822081905,1.0000000011526435,2.0082464917834963,0.4166806073039924,6.358384566393447,1.000000030717214,4.297153713295439,1.6454726760572955,4.032599600505045,4.59430480864909,5.641623709844638,0.9999999777120968,1.0000000019653663,1.0000000228919612,1.1300960254514656,1.9481687653732431,3.5859215930908794,-0.8986102075705807,0.8918455614925215,1.4668778895499692,1.0,1.0,11.111111111111107,11.111111111111107,,,,,,,,,,,,,,,2.0,2.0,2.0,0.0,488565.0,9.0,1.842129501703969e-05,0.0,0.0,0.0,0.0,2.0,0.9182958340544896,162855.0,325710.0,33.33333333333333,66.66666666666666
354,poker (1),10.0,90.9090909090909,1.868702782316856,0.999999833276698,-1.3620784913025086,-0.002334375067169375,2.0531072186889205,0.999999963327962,-1.287483723946719,-0.00023576880709502368,2.237961613767665,1.000000059360445,-1.213944305324154,0.003976438996103179,1.8701857898038323,2.0525138589969862,2.2366421272185173,0.9999998878001628,0.9999999978451746,1.0000000337491477,-1.3608804059534425,-1.2869179105888708,-1.2141339770374369,-0.0017526464580151734,-0.0004426365875057512,0.00036009808207030454,1.0,1.0,9.090909090909092,9.090909090909092,,,,,,,,,,,,,,,2.0,2.0,2.0,0.0,1025010.0,11.0,1.073160261851104e-05,0.0,0.0,0.0,0.0,2.0,0.999996065069868,511308.0,513702.0,49.88322065150585,50.116779348494155
357,vehicle_sensIT (1),100.0,99.009900990099,-1.465547210821126,0.9999998504497388,-1.4375482620110205,-1.4341033546258823,-0.3517074004534474,0.99999999997384,34.024109100822464,3.372732060669984,0.9088939384523624,1.0000001241642509,119.14762026004885,7.983436208546162,-0.8514690471535571,-0.2438167865793364,-0.08730082321920979,0.9999999874494008,1.000000000271535,1.0000000106516949,15.0078946818786,19.023309572938878,50.906736741586656,2.4085404576400484,3.3055354872168645,4.999708243763687,1.0,1.0,0.99009900990099,0.99009900990099,,,,,,,,,,,,,,,2.0,2.0,2.0,0.0,98528.0,101.0,0.001025089314712569,0.0,0.0,0.0,0.0,2.0,1.0,49264.0,49264.0,50.0,50.0
389,fbis.wc (1),2000.0,99.95002498750624,0.0044660982541616144,0.0666930141115031,-1.894934398323035,-1.4285532175906983,0.21597929354445808,1.1907304037527766,406.32704531735396,15.722815311857984,3.7507105156313454,15.500988363139728,2449.584192299661,49.42890856842067,0.04912708079577748,0.10596833130328848,0.2479699553390172,0.40479578602618216,0.7245022723369217,1.334595079159671,129.74718045249006,241.31811498530536,497.45556876192666,9.75211107206214,13.271328973649075,19.289245179513358,1.0,0.0,0.04997501249375312,0.0,,,,,,,,,,,,,,,17.0,17.0,17.0,0.0,2463.0,2001.0,0.8124238733252132,0.0,0.0,0.0,0.0,17.0,3.577872147457461,38.0,506.0,1.5428339423467317,20.544051969143318
390,new3s.wc (1),26832.0,99.99627324563039,0.00031387319522912437,0.017714612916132237,-1.7937511717260042,0.4545593606406103,0.0234834710607164,0.30520949969765865,2760.1106264660325,46.13542944235406,2.9309478970494145,62.545031533380396,9555.452309548964,97.74558701645219,0.0006277463904583242,0.0016739903745553722,0.007114459091860292,0.030678684608094305,0.059615893828731524,0.1632215606806996,1142.872794103584,2385.748901279525,3703.381251971135,30.872320766467986,46.245857469136354,57.50670261688226,1.0,0.0,0.003726754369619498,0.0,,,,,,,,,,,,,,,44.0,44.0,44.0,0.0,9558.0,26833.0,2.807386482527725,0.0,0.0,0.0,0.0,44.0,5.264920369371857,104.0,696.0,1.0880937434609752,7.281858129315755
391,re0.wc (1),2886.0,99.96536196744024,0.001994680851063821,0.04463212503486105,8.662099957963212,2.6099679248936756,0.029643980109405638,0.1761257871753734,300.0745684919682,15.428165037690036,2.346409574468084,4.0244198543566005,1455.6032756557415,37.89531480224132,0.0033244680851064186,0.0073138297872341095,0.02194148936170204,0.06312636474221618,0.1028113251758504,0.18939194013808605,113.35519371884618,246.4933555792733,466.8707963123259,9.968967107767767,15.27266328542474,20.515573546940907,1.0,0.0,0.034638032559750606,0.0,,,,,,,,,,,,,,,13.0,13.0,13.0,0.0,1504.0,2887.0,1.9195478723404256,0.0,0.0,0.0,0.0,13.0,2.635230269022585,11.0,608.0,0.7313829787234043,40.42553191489361
392,oh0.wc (1),3182.0,99.96858309770657,0.002991026919242237,0.05463567337949635,3.5649730537807964,1.8209845510357925,0.027393620521214482,0.20524722979111729,279.4305762967427,15.018482345637233,2.087736789631105,3.1117379928009203,943.4282728157756,30.35730908244891,0.005982053838484542,0.010967098703888362,0.026171485543369885,0.08915274114944619,0.14418712020248153,0.2571322956926495,129.2651813292049,246.98951654352098,375.7315446878286,10.732275858455033,15.390254572547462,18.2299207531654,1.0,0.0,0.031416902293433864,0.0,,,,,,,,,,,,,,,10.0,10.0,10.0,0.0,1003.0,3183.0,3.173479561316052,0.0,0.0,0.0,0.0,10.0,3.150199264009612,51.0,194.0,5.084745762711865,19.3419740777667
393,la2s.wc (1),12432.0,99.99195688892463,0.00097560975609756,0.031224589777036425,-1.651812647299122,-3.681287247575541,0.019234940515428317,0.16082021971614138,774.2412731942792,24.378267413956948,1.974634146341464,2.7221390669876264,3063.0206909631474,55.29393147249935,0.00195121951219512,0.004227642276422778,0.013333333333333287,0.04769191248175879,0.08455783996320124,0.18314505896379296,304.36246006781965,610.9966174687634,1021.6634123065908,16.251217445726706,24.50164462569188,31.9843542386091,1.0,0.0,0.008043111075363952,0.0,,,,,,,,,,,,,,,6.0,6.0,6.0,0.0,3075.0,12433.0,4.043252032520325,0.0,0.0,0.0,0.0,6.0,2.4299146838433514,248.0,905.0,8.065040650406505,29.430894308943092
395,re1.wc (1),3758.0,99.97339718010107,0.001810500905250429,0.042524279064483535,7.83439919320995,2.8837176164137017,0.022913098204819408,0.1667764559522333,379.6376686136648,17.371786255644118,1.3421846710923353,2.9687361788633626,1612.000731572037,39.91811244713574,0.003017501508750743,0.0066385033192516325,0.018105009052504503,0.06487831644839084,0.10411378753991564,0.1900526307854649,154.99446871642303,327.3937221758968,548.9939569786031,11.633383174260256,17.757894585421358,23.459141542604666,1.0,0.0,0.026602819898909287,0.0,,,,,,,,,,,,,,,25.0,25.0,25.0,0.0,1657.0,3759.0,2.268557634278817,0.0,0.0,0.0,0.0,25.0,3.7883890111025287,10.0,371.0,0.6035003017501509,22.3898611949306
396,la1s.wc (1),13195.0,99.99242194604423,0.0009363295880149814,0.03058994818791097,-1.615979910436931,-5.542596322932721,0.01804785038027968,0.15562214009281686,831.8738622770137,25.372848400844504,1.981897627965044,2.826723942784683,3197.552187590442,56.519350389818754,0.001872659176029968,0.0037453183520600717,0.01217228464419464,0.04669771336555289,0.08092255889025825,0.17653499202431785,342.71193362973963,701.0027162626692,1064.6635434242553,17.011178066939205,25.266563931220606,32.64963950336911,1.0,0.0,0.007578053955744166,0.0,,,,,,,,,,,,,,,6.0,6.0,6.0,0.0,3204.0,13196.0,4.118601747815232,0.0,0.0,0.0,0.0,6.0,2.443210997366973,273.0,943.0,8.52059925093633,29.431960049937572
398,wap.wc (1),8460.0,99.98818106606785,0.0019230769230769288,0.0,0.9258813759309484,-0.7326011953327806,0.025574422622294986,0.1621546327381262,356.1921335686604,16.927144640291942,2.3987179487179486,2.8584293752193366,1532.9546518647269,39.001773969412405,0.003205128205128215,0.007051282051281991,0.01794871794871799,0.061917836870499086,0.10117644853877236,0.19096958848790524,151.49542199116578,307.9933317327082,516.6602473633171,11.718542042836368,17.4180940743596,22.759566417898412,1.0,0.0,0.01181893393215932,0.0,,,,,,,,,,,,,,,20.0,20.0,20.0,0.0,1560.0,8461.0,5.4237179487179485,0.0,0.0,0.0,0.0,20.0,3.7218939004104197,5.0,341.0,0.3205128205128205,21.85897435897436
399,ohscal.wc (1),11465.0,99.99127856270714,0.00026876903780679424,0.016392708001675443,4.366727188703711,2.0362421403092767,0.009090652643426905,0.10307501372654433,2888.26219820132,46.35978646919714,1.8217165382547835,4.105795780616311,11009.32897326458,104.605496500268,0.0007167174341514369,0.0015230245475722304,0.005106611718329939,0.0327854160033514,0.062059204013695975,0.12220950314429058,1006.129430817432,2452.075528167346,4110.741210024047,29.21965868048737,47.18428687689462,60.98086886919318,1.0,0.0,0.008721437292865864,0.0,,,,,,,,,,,,,,,10.0,10.0,10.0,0.0,11162.0,11466.0,1.0272352624977603,0.0,0.0,0.0,0.0,10.0,3.275767322648921,709.0,1621.0,6.351908260168427,14.522487009496508
401,oh10.wc (1),3238.0,99.96912627354122,0.0028571428571428303,0.053401268639475696,4.848530503070643,1.9119956451383315,0.02951469160857673,0.21668291400611686,302.5615606501098,15.537859451105206,1.4057142857142877,2.8615469031017033,1025.8282313328373,31.865332163766904,0.005714285714285696,0.01142857142857139,0.027619047619047564,0.09222830473006427,0.15095742082632854,0.2711296079598231,128.6893123633496,258.7399864365009,407.4792893717511,10.677121598511663,15.734850648248468,19.19657713294824,1.0,0.0,0.030873726458783574,0.0,,,,,,,,,,,,,,,10.0,10.0,10.0,0.0,1050.0,3239.0,3.0847619047619053,0.0,0.0,0.0,0.0,10.0,3.2030824995952347,52.0,165.0,4.9523809523809526,15.714285714285715
554,mnist_784 (1),784.0,99.87261146496814,0.0,0.0,-1.8254292785726656,-0.2354966023099805,33.38596474125363,49.25570412611296,4894.714442707244,31.079435593429213,140.0150571428567,113.88629683929352,70000.00000000247,264.57513110807787,0.1205821428571454,7.196049999999808,69.33461785714293,4.670545729236738,36.76581916163219,100.84850801763851,-1.0297320016722729,16.22683706266253,623.0827644398203,0.8744121903751375,4.1349073968131735,23.9395831120118,1.0,0.0,0.12738853503184713,0.0,,,,,,,,,,,,,,,10.0,10.0,10.0,0.0,70000.0,785.0,0.011214285714285715,0.0,0.0,0.0,0.0,10.0,3.3198370254034137,6313.0,7877.0,9.018571428571429,11.252857142857142
679,rmftsa_sleepdata (1),2.0,66.66666666666666,37.128466796875,0.1457199501846342,-1.0205377821482946,0.12586118204673966,85.6291748046875,7.642280073235527,-0.572050122459228,0.42590163573769146,134.1298828125,15.13884019628642,-0.12356246277016147,0.7259420894286432,37.128466796875,85.6291748046875,134.1298828125,0.1457199501846342,7.6422800732355265,15.13884019628642,-1.0205377821482946,-0.572050122459228,-0.12356246277016147,0.12586118204673966,0.42590163573769146,0.7259420894286432,1.0,0.0,33.33333333333333,0.0,,,,,,,,,,,,,,,4.0,4.0,4.0,0.0,1024.0,3.0,0.0029296875,0.0,0.0,0.0,0.0,4.0,1.8493804069130801,94.0,404.0,9.1796875,39.453125
715,fri_c3_1000_25 (2),25.0,96.15384615384615,-2.1000000056226046e-08,1.0000000069892334,-1.2835199721673152,-0.09964688131433352,-1.6000001007487883e-10,1.000000031028396,-0.9895953140885934,0.0645239512346235,2.1999999952948542e-08,1.0000000539264446,1.956425476737233,1.3764547261043003,-3.999999954207301e-09,9.999999526222325e-10,7.499999980759009e-09,1.0000000214049591,1.0000000313572044,1.00000004025341,-1.20572021381504,-1.171437938512434,-1.1531283969738189,-0.055844900832051125,-0.0217152676737952,0.022249997158743658,1.0,1.0,3.8461538461538463,3.8461538461538463,,,,,,,,,,,,,,,2.0,2.0,2.0,0.0,1000.0,26.0,0.026,0.0,0.0,0.0,0.0,2.0,0.9906049558738164,443.0,557.0,44.3,55.7
718,fri_c4_1000_100 (2),100.0,99.009900990099,-2.7999999947070366e-08,1.0000000123744313,-1.278348733221542,-0.1108085585270938,1.0199999996030395e-09,1.0000000291645124,-1.1435043493159731,0.03152009358643487,2.7999999960615088e-08,1.0000000530232749,1.5414078443824093,1.3499921576325722,-5.999999987182925e-09,9.999999998622222e-10,7.99999998118972e-09,1.000000022833704,1.000000028746845,1.0000000358193848,-1.2254194898056077,-1.1966119090890526,-1.170094085552496,-0.02709671010204017,0.004369509429770106,0.033993990031832726,1.0,1.0,0.99009900990099,0.99009900990099,,,,,,,,,,,,,,,2.0,2.0,2.0,0.0,1000.0,101.0,0.101,0.0,0.0,0.0,0.0,2.0,0.9881489563064276,436.0,564.0,43.6,56.39999999999999
720,abalone (2),7.0,77.7777777777778,0.13951639932966245,0.041827056607257496,-0.04547558144296682,-0.6398732689817931,0.3827034098293376,0.17461838890742915,11.033153238707637,0.6203687756176066,0.8287421594445774,0.4903890182309973,76.02550922919771,3.1288173790658327,0.18059360785252573,0.3593674886282021,0.5239920995930093,0.0992398661336593,0.12009291256479986,0.2219629490332201,-0.023643504269978518,0.08401174900221431,0.5951236783694149,-0.6091981423290972,0.5918521514155093,0.7190979217612721,2.0,1.0,22.222222222222214,11.111111111111107,1.5815100477524742,1.5815100477524742,1.5815100477524742,1.5815100477524742,1.5815100477524742,1.5815100477524742,0.14436365338567,0.14436365338567,0.14436365338567,0.14436365338567,0.14436365338567,0.14436365338567,6.9268868864249065,9.955043119665604,2.0,2.5,3.0,0.7071067811865476,4177.0,9.0,0.0021546564519990424,0.0,0.0,0.0,0.0,2.0,0.9999906975135882,2081.0,2096.0,49.82044529566675,50.17955470433325
723,fri_c4_1000_25 (2),25.0,96.15384615384615,-1.5000000028075892e-08,1.000000004170892,-1.264819501478115,-0.09351495817879267,5.200000052801859e-10,1.0000000252720072,-0.970847793044545,0.10145927032941476,2.1000000025084285e-08,1.0000000446292443,1.5092195091687777,1.3562933936983026,-8.499999981981253e-09,-2.99999999855971e-09,8.500000014732834e-09,1.0000000195604364,1.0000000258257564,1.0000000334754895,-1.1984716753712448,-1.178689363438545,-1.1225751830083894,-0.03936732482352258,0.015434100457641224,0.028711182180376608,1.0,1.0,3.8461538461538463,3.8461538461538463,,,,,,,,,,,,,,,2.0,2.0,2.0,0.0,1000.0,26.0,0.026,0.0,0.0,0.0,0.0,2.0,0.9936167534536142,453.0,547.0,45.3,54.7
727,2dplanes (2),10.0,90.9090909090909,-0.00561715070643625,0.8145371627033411,-1.999835984907594,-0.016190294081324885,0.0020064756671898773,0.8349423976267133,-1.5503087176983834,-0.0038209398357134756,0.008094583987441787,0.9999795026635032,-1.4927032562104825,0.010294939688592878,-0.00020236459968556728,0.0020481750392465285,0.0054086538461522,0.8155965010742114,0.8168225979544099,0.817794509295741,-1.5047424692218776,-1.5011534961189965,-1.4966380825303205,-0.009930716873316212,-0.003761432268771061,0.00037160281783170076,1.0,1.0,9.090909090909092,9.090909090909092,,,,,,,,,,,,,,,2.0,2.0,2.0,0.0,40768.0,11.0,0.0002698194662480377,0.0,0.0,0.0,0.0,2.0,0.9999977500599352,20348.0,20420.0,49.91169544740973,50.08830455259026
728,analcatdata_supreme (2),7.0,87.5,0.02295162882527129,0.14976777755278586,-1.994733654406564,-0.1706355241114757,281.94877309265274,1.7577933429538013,17.041561950383606,2.7479867719748903,1972.3484698914124,9.851025112008756,77.67284218721453,7.968839223314929,0.07823297137216127,0.2255676209279375,0.5197433366238892,0.26857098640919885,0.4729535226271863,0.6445571257785595,-1.5287300145357814,-0.2743292914876569,38.64253044686522,-0.07906425771800853,1.313699492502952,6.3736533774632775,1.0,1.0,12.5,12.5,,,,,,,,,,,,,,,2.0,2.0,2.0,0.0,4052.0,8.0,0.001974333662388944,0.0,0.0,0.0,0.0,2.0,0.7944323507581279,971.0,3081.0,23.963474827245804,76.0365251727542
734,ailerons (2),40.0,97.56097560975607,-12.599563636363714,1.2060892368989305e-05,-0.6162753070957265,-75.97382827745912,-0.8504005054545518,7.591278589244396,916.863629945158,-4.557907793365675,0.6294087272727273,260.21445502336445,6874.500000000021,2.366188032892752,-9.496363636363647e-05,0.002968363636363644,0.0219706,0.0005734128107401013,0.006918043544112318,0.0921729152042374,6.761818532757976,6.9912641226454655,16.105418767503576,-2.1791681318571863,0.12168175611072345,2.3477044123803528,1.0,1.0,2.4390243902439024,2.4390243902439024,,,,,,,,,,,,,,,2.0,2.0,2.0,0.0,13750.0,41.0,0.002981818181818182,0.0,0.0,0.0,0.0,2.0,0.9832048570341376,5828.0,7922.0,42.38545454545454,57.61454545454545
735,cpu_small (3),12.0,92.30769230769228,1.8845544433593755,2.4794934268871223,0.9031412644665848,-0.7916644438525916,135460.4337241618,67245.74837716803,77.06930335086467,5.074304624464367,1328125.9598388672,422019.42695680115,313.7492588907212,13.897852242774947,14.719573974609375,180.26910400390625,72500.29754638673,35.75724411168001,179.7295631307842,106188.17283831454,3.0285703727068487,20.497553076379997,152.7448836250791,1.918088274781169,3.9586311547060458,8.569249264261035,1.0,1.0,7.6923076923076925,7.6923076923076925,,,,,,,,,,,,,,,2.0,2.0,2.0,0.0,8192.0,13.0,0.0015869140625,0.0,0.0,0.0,0.0,2.0,0.8841664897438648,2477.0,5715.0,30.23681640625,69.76318359375
737,space_ga (2),6.0,85.71428571428571,-91638847.14773096,0.19805589077380184,0.2808760952513789,-1.020247201405136,-15273134.720528875,1912616.0117226082,1.9590698482873337,0.03347062927202367,11.885160685226907,11475690.49228988,8.425854561944803,0.5879083591036021,-22909712.21910835,8.879526517701963,10.288723745654973,1.0037380761707666,1.3481659981083594,2868923.6815917767,0.5794890007082598,0.7505225600284189,2.7571761479440235,-0.800812073275297,0.4005369665714864,0.5667938762929411,1.0,1.0,14.285714285714285,14.285714285714285,,,,,,,,,,,,,,,2.0,2.0,2.0,0.0,3107.0,7.0,0.002252977148374638,0.0,0.0,0.0,0.0,2.0,0.9999532967890264,1541.0,1566.0,49.59768265207596,50.40231734792404
740,fri_c3_1000_10 (2),10.0,90.9090909090909,-1.9999999959718905e-08,1.000000017482051,-1.2568897589374493,-0.04155261505816613,-1.999999913848694e-10,1.0000000270555165,-0.7027704484613606,0.228998342655974,1.3000000018192903e-08,1.0000000417019237,1.9258566920868545,1.4168812835441882,-9.999999995485842e-09,4.000000000115022e-09,8.500000029720844e-09,1.000000022027272,1.0000000258855677,1.0000000319305855,-1.1977288763561509,-1.178499761127532,-0.5124674538642958,-0.0068330748062682784,0.02192298666382716,0.2462558205986289,1.0,1.0,9.090909090909092,9.090909090909092,,,,,,,,,,,,,,,2.0,2.0,2.0,0.0,1000.0,11.0,0.011,0.0,0.0,0.0,0.0,2.0,0.9895875212220556,440.0,560.0,44.0,56.00000000000001
741,rmftsa_sleepdata (2),1.0,33.33333333333333,134.1298828125,15.13884019628642,-0.12356246277016147,0.7259420894286432,134.1298828125,15.13884019628642,-0.12356246277016147,0.7259420894286432,134.1298828125,15.13884019628642,-0.12356246277016147,0.7259420894286432,134.1298828125,134.1298828125,134.1298828125,15.13884019628642,15.13884019628642,15.13884019628642,-0.12356246277016147,-0.12356246277016147,-0.12356246277016147,0.7259420894286432,0.7259420894286432,0.7259420894286432,2.0,1.0,66.66666666666666,33.33333333333333,1.8493804069130801,1.8493804069130801,1.8493804069130801,1.8493804069130801,1.8493804069130801,1.8493804069130801,0.03616167954545,0.03616167954545,0.03616167954545,0.03616167954545,0.03616167954545,0.03616167954545,27.65289795513343,50.14199423698437,2.0,3.0,4.0,1.4142135623730951,1024.0,3.0,0.0029296875,0.0,0.0,0.0,0.0,2.0,0.9999752343565648,509.0,515.0,49.70703125,50.29296875
743,fri_c1_1000_5 (2),5.0,83.33333333333334,-5.999999978856252e-09,1.0000000171354109,-1.2023174944588253,-0.023446768963174103,1.200000010648239e-09,1.0000000268959368,-1.0927041744440968,0.001946020264280997,8.000000024432906e-09,1.0000000416398398,-0.7140247148951179,0.052113800076879366,-5.4999999958837975e-09,3.999999983905766e-09,6.500000030551512e-09,1.000000018380049,1.0000000248594452,1.0000000364300703,-1.2011459390229522,-1.1883248767855386,-0.9364520586945206,-0.0201381526125916,-0.00691703033571841,0.028461718441153305,1.0,1.0,16.666666666666664,16.666666666666664,,,,,,,,,,,,,,,2.0,2.0,2.0,0.0,1000.0,6.0,0.006,0.0,0.0,0.0,0.0,2.0,0.9946583178227808,457.0,543.0,45.7,54.3
751,fri_c4_1000_10 (2),10.0,90.9090909090909,-1.399999995310708e-08,1.0000000079255056,-1.2522327925794074,-0.04554014919528331,-5.800000006390971e-09,1.0000000291214368,-0.5859464306558406,0.306201570551695,-1.9498291869979312e-17,1.0000000499583503,1.9053017542309385,1.4130003648152802,-9.24999996494702e-09,-5.499999995328686e-09,-1.750000006225938e-09,1.0000000185726057,1.0000000311781458,1.0000000390927797,-1.2469856959114498,-1.2106563661067795,0.17402668935646226,0.006364356923906918,0.033521783370531015,0.7653097797142981,1.0,1.0,9.090909090909092,9.090909090909092,,,,,,,,,,,,,,,2.0,2.0,2.0,0.0,1000.0,11.0,0.011,0.0,0.0,0.0,0.0,2.0,0.9895875212220556,440.0,560.0,44.0,56.00000000000001
752,puma32H (2),32.0,96.96969696969695,-0.5303204826660163,0.6451884420982766,-1.226635652409939,-0.03206985392821682,0.6606090161552428,7.586923543998412,-1.1968486921306225,-0.002687298681998977,1.3857382694091798,43.74730240319808,-1.1566377295697303,0.025773471625597424,0.0011421534729003982,0.2906945432739263,1.3772468576965329,0.6510656691431331,1.3469000968424223,1.3620998658595689,-1.2058468323164864,-1.1964712199735223,-1.187930513938662,-0.01029600917479105,-0.004819413820027914,0.004579369785457628,1.0,1.0,3.0303030303030303,3.0303030303030303,,,,,,,,,,,,,,,2.0,2.0,2.0,0.0,8192.0,33.0,0.0040283203125,0.0,0.0,0.0,0.0,2.0,0.9999559719934968,4064.0,4128.0,49.609375,50.390625
761,cpu_act (3),21.0,95.45454545454544,1.1275048828124994,2.4794934268871223,0.9031412644665848,-0.7916644438525916,77423.0389258975,38448.58530864211,82.69398017053769,5.398356926130623,1328125.9598388672,422019.42695680115,618.0754029990946,21.542019683245,7.12759460449219,19.630676269531282,986.9681396484376,14.544784181911053,71.14134025838379,916.2987340329524,4.347867554757658,22.82180653407525,69.61173013955492,2.02862189623975,4.069237707552649,5.636440553258242,1.0,1.0,4.545454545454546,4.545454545454546,,,,,,,,,,,,,,,2.0,2.0,2.0,0.0,8192.0,22.0,0.002685546875,0.0,0.0,0.0,0.0,2.0,0.8841664897438648,2477.0,5715.0,30.23681640625,69.76318359375
772,quake (3),3.0,75.0,7.961997245179063,30.54558272757609,-0.8153019350336588,-0.8578739656544061,45.745598408325684,88.62965349379154,3.057796984167828,0.8213343906829855,74.35996326905415,118.87558082656729,10.796760983139114,3.275952385239734,7.961997245179063,54.91483471074381,74.35996326905415,30.54558272757609,116.46779692723128,118.87558082656729,-0.8153019350336588,-0.8080680956019717,10.796760983139114,-0.8578739656544061,0.04592475246362848,3.275952385239734,1.0,1.0,25.0,25.0,,,,,,,,,,,,,,,2.0,2.0,2.0,0.0,2178.0,4.0,0.0018365472910927454,0.0,0.0,0.0,0.0,2.0,0.9912232530606148,969.0,1209.0,44.49035812672177,55.50964187327825
797,fri_c4_1000_50 (2),50.0,98.0392156862745,-1.9999999951170192e-08,1.000000003989754,-1.2829079341362024,-0.06655591589892199,1.7600000098277026e-09,1.0000000317085544,-1.064662478259225,0.04602346660641898,2.1999999965577327e-08,1.0000000562589713,1.7380717229139715,1.3087946736228844,-3.9999999938145066e-09,2.0000000463815676e-09,7.000000024931508e-09,1.0000000275734957,1.0000000319760836,1.0000000373016142,-1.2047650452230034,-1.1770978556300666,-1.1531215797129146,-0.03597343791723318,-0.008100872314072858,0.017601244647898563,1.0,1.0,1.96078431372549,1.96078431372549,,,,,,,,,,,,,,,2.0,2.0,2.0,0.0,1000.0,51.0,0.051,0.0,0.0,0.0,0.0,2.0,0.9895875212220556,440.0,560.0,44.0,56.00000000000001
799,fri_c0_1000_5 (2),5.0,83.33333333333334,-1.3000000022245217e-08,1.0000000167951704,-1.2255894779160983,-0.0546598640447052,-2.1999999831656675e-09,1.0000000212380555,-1.1862650794195502,0.021030406445052056,5.999999971084692e-09,1.0000000246299292,-1.1440105083570702,0.05249207695574832,-8.499999999245224e-09,-3.999999945936139e-09,5.000000014299122e-09,1.0000000178062267,1.0000000217566607,1.000000024410582,-1.2103568162696705,-1.1906852711073408,-1.1599632467255343,-0.015406042922027581,0.031932731171069664,0.052015693449122886,1.0,1.0,16.666666666666664,16.666666666666664,,,,,,,,,,,,,,,2.0,2.0,2.0,0.0,1000.0,6.0,0.006,0.0,0.0,0.0,0.0,2.0,0.9999740313334508,497.0,503.0,49.7,50.3
803,delta_ailerons (1),5.0,83.33333333333334,-1.701220367512975e-05,0.0002135617201106423,-1.1122043327931086,-0.17078877107211454,0.0029725156403422625,0.005903906068326017,0.498352435597719,0.11328191847880667,0.010754523776125676,0.015860641782558284,1.4506078582547302,0.6708610336275694,0.0002259096647496144,0.0010217842614672463,0.006694487305372419,0.0010423797912195141,0.005403141838221318,0.011015814460484871,-0.6019349898490219,1.0650320722718971,1.3153000427073709,-0.1611813076776445,-0.01582186176884483,0.4522970347590836,1.0,1.0,16.666666666666664,16.666666666666664,,,,,,,,,,,,,,,2.0,2.0,2.0,0.0,7129.0,6.0,0.0008416327675690841,0.0,0.0,0.0,0.0,2.0,0.9972877951195076,3346.0,3783.0,46.93505400476925,53.06494599523075
806,fri_c3_1000_50 (2),50.0,98.0392156862745,-2.300000007215974e-08,1.0000000019305908,-1.2798546481793045,-0.06579230369793171,-2.0000000158674359e-10,1.0000000286817707,-1.0983719584239124,0.041490301090214114,2.1000000065107832e-08,1.00000005003776,2.00556056229324,1.4472575606259992,-7.2500000473929554e-09,-1.7319479184152442e-17,5.999999966407875e-09,1.0000000227736965,1.0000000279923094,1.0000000350896978,-1.2254180104730854,-1.1933174811187692,-1.1648848690393674,-0.02980939199676365,-0.013208789894196904,0.03532096395225598,1.0,1.0,1.96078431372549,1.96078431372549,,,,,,,,,,,,,,,2.0,2.0,2.0,0.0,1000.0,51.0,0.051,0.0,0.0,0.0,0.0,2.0,0.9912540071703688,445.0,555.0,44.5,55.50000000000001
807,kin8nm (2),8.0,88.88888888888891,-0.01294491662597662,0.8991856891068676,-1.2000096729044962,-0.03599927036315557,0.0024727835540771506,0.9052814137850994,-1.1908427265272368,-0.002423693888867077,0.022791981933593768,0.9132427486602224,-1.1764746591539872,0.01022307752037402,-0.00908140393066401,0.0045561387939453005,0.009113820556640641,0.9009474364907916,0.9054822306043532,0.9090113083783554,-1.1984308596882476,-1.1899608602803189,-1.1867596976400177,-0.0062488070073513065,0.0026898762192228915,0.006225018820697952,1.0,1.0,11.111111111111107,11.111111111111107,,,,,,,,,,,,,,,2.0,2.0,2.0,0.0,8192.0,9.0,0.0010986328125,0.0,0.0,0.0,0.0,2.0,0.9997770990046064,4024.0,4168.0,49.12109375,50.87890625
813,fri_c3_1000_5 (2),5.0,83.33333333333334,-4.0000000260942415e-09,1.0000000249286416,-1.1996531496435447,-0.047776570555339945,2.000000006968649e-09,1.0000000300225595,-0.3953474495735281,0.3799051670286494,9.000000004810715e-09,1.0000000357900796,1.153622378636951,1.246941780251248,-2.4999999939656625e-09,3.996802888650563e-17,7.499999991403272e-09,1.0000000252149224,1.0000000316528863,1.0000000340150332,-1.1837277136220274,-0.7857435131844928,0.5882308462804533,-0.040956945030882735,0.04109120822643154,0.9701742584892904,1.0,1.0,16.666666666666664,16.666666666666664,,,,,,,,,,,,,,,2.0,2.0,2.0,0.0,1000.0,6.0,0.006,0.0,0.0,0.0,0.0,2.0,0.9885173903891564,437.0,563.0,43.7,56.3
816,puma8NH (2),8.0,88.88888888888891,-0.014780120727539056,0.3436914723964179,-1.2032935443936892,-0.021813926830720226,0.00265716004943848,0.9016094775370512,-1.1945919896764745,-0.005740316929795274,0.017952333740234385,1.0903450858223842,-1.1855510149603086,0.018377785652211057,-0.0056158374328612965,0.002685614807128905,0.01165547528076169,0.5308874985378911,1.0849274366247623,1.0894990331049608,-1.2008255480056096,-1.1946743417109231,-1.1875157540609225,-0.018422881825688728,-0.00754086957418938,0.007410523627896073,1.0,1.0,11.111111111111107,11.111111111111107,,,,,,,,,,,,,,,2.0,2.0,2.0,0.0,8192.0,9.0,0.0010986328125,0.0,0.0,0.0,0.0,2.0,0.999986069360442,4078.0,4114.0,49.7802734375,50.2197265625
819,delta_elevators (3),6.0,85.71428571428571,-12.304297572764463,0.005294590181793807,-0.5464315381909008,-0.17307352053359015,-2.098847795173538,5.1020809599764725,0.5782379932785819,-0.01590601903920691,0.0016319218241042286,25.496265570307752,3.833618543090072,0.15585894727615973,-3.2934853420195283,-0.0002926342334769301,0.0004420405589996834,0.005882093675749657,0.09638701901390764,10.058121617452754,-0.4532959602651436,0.05442601718131757,1.330134401797201,-0.12956595628469547,-0.03576388335569836,0.12024198227052713,1.0,1.0,14.285714285714285,14.285714285714285,,,,,,,,,,,,,,,2.0,2.0,2.0,0.0,9517.0,7.0,0.0007355259010192287,0.0,0.0,0.0,0.0,2.0,0.999977628330813,4732.0,4785.0,49.72155090889986,50.27844909110014
821,house_16H (2),16.0,94.11764705882351,0.003589147208567414,0.005100399260011256,-1.0959006786643917,-5.873026950739003,488.32277900583966,4117.118999074554,468.82081564316354,6.1376552445335335,7808.669197682663,65872.42358024171,7201.555806451959,72.74990424779148,0.059073121576544985,0.14271918175035112,0.6600044949745436,0.05693152136163015,0.08866488978217593,0.1383579794166681,3.6469167152966255,14.089554304901087,39.86600293628327,0.14535670329279368,2.3715551084659587,3.949187467229189,1.0,1.0,5.882352941176469,5.882352941176469,,,,,,,,,,,,,,,2.0,2.0,2.0,0.0,22784.0,17.0,0.0007461376404494383,0.0,0.0,0.0,0.0,2.0,0.8763427177130791,6744.0,16040.0,29.5997191011236,70.4002808988764
823,houses (2),8.0,88.88888888888891,3.870671002906976,1.8998217179452712,-1.1177597814980609,0.060330637599170324,26502.829555895663,14941.236529782915,19.19094157248169,2.3871769698459016,206855.8169089143,115395.61587441295,73.55311639416632,4.935858226727127,30.387580184108444,518.7188468992258,2333.191497093022,4.748353701120752,401.7888293873708,1919.3269691284256,-0.5185040794533012,13.43800975947856,29.987692264321552,0.5939055712599329,2.528547206900776,3.9737757760709904,1.0,1.0,11.111111111111107,11.111111111111107,,,,,,,,,,,,,,,2.0,2.0,2.0,0.0,20640.0,9.0,0.00043604651162790697,0.0,0.0,0.0,0.0,2.0,0.9865690330331822,8914.0,11726.0,43.18798449612403,56.81201550387597
833,bank32nh (2),32.0,96.96969696969695,-0.016437694946289046,0.21080632491510767,-1.308512859390658,-0.023091903855669817,1.2014580029029844,0.9675910714133942,0.9378355853742484,0.6205672677152629,7.0029296875,3.1966612772506497,8.890360069027274,2.234417196199169,-0.0010598290405273274,0.7371404739379883,1.248086139160156,0.5723736046459299,0.5792735772662669,1.0231118823412155,-1.2020309891308605,-1.1837201396462556,4.888252815522715,-0.004041826325719688,0.009922718211173184,1.8873629860385368,1.0,1.0,3.0303030303030303,3.0303030303030303,,,,,,,,,,,,,,,2.0,2.0,2.0,0.0,8192.0,33.0,0.0040283203125,0.0,0.0,0.0,0.0,2.0,0.8936632139657559,2543.0,5649.0,31.04248046875,68.95751953125
837,fri_c1_1000_50 (2),50.0,98.0392156862745,-2.4999999979069543e-08,1.0000000158426272,-1.2762884195074222,-0.07884952899240055,2.460000000454997e-09,1.0000000301725087,-1.186111999133388,5.10532748507865e-05,2.600000001261316e-08,1.0000000529448825,-0.7906060138836728,0.11803008739714595,-3.5000000002394228e-09,2.5000000078434507e-09,8.999999982661766e-09,1.00000002303609,1.0000000285351618,1.0000000381070284,-1.2299478024727677,-1.1928864251103315,-1.161537889446664,-0.03164068752177605,-0.0009202253786066255,0.027072872545988908,1.0,1.0,1.96078431372549,1.96078431372549,,,,,,,,,,,,,,,2.0,2.0,2.0,0.0,1000.0,51.0,0.051,0.0,0.0,0.0,0.0,2.0,0.9936167534536142,453.0,547.0,45.3,54.7
843,house_8L (2),8.0,88.88888888888891,0.010329880661867966,0.04210519740558719,-1.0959006786643917,-0.27090883172615177,367.97185023862073,3118.929871851435,973.7403833239183,11.48849715163141,2935.865739115164,24949.880168695538,7546.166943835949,74.16685526289018,0.08595717691142911,0.487823388759656,4.662533016206549,0.0670667926930558,0.13939921808033098,0.6519002690074744,1.7335908281935477,5.084667774416129,165.0198161476975,-0.2350504381160664,0.7620479962271721,10.865560668770454,1.0,1.0,11.111111111111107,11.111111111111107,,,,,,,,,,,,,,,2.0,2.0,2.0,0.0,22784.0,9.0,0.00039501404494382016,0.0,0.0,0.0,0.0,2.0,0.8763427177130791,6744.0,16040.0,29.5997191011236,70.4002808988764
845,fri_c0_1000_10 (2),10.0,90.9090909090909,-1.6000000016003216e-08,1.000000001846109,-1.2433653924058627,-0.13717725932322236,-4.700000024722428e-09,1.0000000265863591,-1.193301151895474,-0.0385481820250413,2.000000018931303e-09,1.0000000398872195,-1.1194583484103429,0.030292202829965118,-8.000000006558317e-09,-4.500000017171324e-09,-1.250000047334915e-09,1.0000000186518312,1.0000000265563496,1.0000000389849266,-1.233406820968416,-1.1969064519664123,-1.1644532312147398,-0.06811516772999611,-0.03904063328906278,0.000527233472216116,1.0,1.0,9.090909090909092,9.090909090909092,,,,,,,,,,,,,,,2.0,2.0,2.0,0.0,1000.0,11.0,0.011,0.0,0.0,0.0,0.0,2.0,0.999766270781044,491.0,509.0,49.1,50.9
846,elevators (2),18.0,94.73684210526315,-12.798783059220446,1.7355357867821353e-06,-0.5633142077988822,-1.510431343877792,-1.9945264513926395,17.780383005918384,1005.2163130880446,9.738247933057416,0.0544900295198506,277.59363167062116,11285.847743179675,103.70687088535931,-0.16793180312066794,-0.0007553557443219468,-2.5483462859208814e-06,0.0003234469030283509,0.006498675202207357,1.7394457578300593,0.25587902784241257,2.8063811788024347,7.10834365776835,-1.4398648690096576,-0.1285769063115141,0.15964317872637335,1.0,1.0,5.263157894736842,5.263157894736842,,,,,,,,,,,,,,,2.0,2.0,2.0,0.0,16599.0,19.0,0.0011446472679077053,0.0,0.0,0.0,0.0,2.0,0.8920793291304917,5130.0,11469.0,30.905476233508054,69.09452376649196
847,wind (2),14.0,93.33333333333331,6.306274718588378,3.4488710574193537,-1.2079512755712756,-0.009425117038466293,14.206659242035695,4.987560362512559,-0.029863330641396624,0.486454580019169,69.50030422877957,8.800334974744912,1.0548554056845771,0.9032573434542738,8.143878916945546,10.126857316702171,12.553037724368725,4.118004284489705,4.956505525657526,5.3563537604253035,-0.30691971077948377,0.13140827551544287,0.2953778599448428,0.3753062771260731,0.5509413069189514,0.6469737198028075,1.0,1.0,6.666666666666668,6.666666666666668,,,,,,,,,,,,,,,2.0,2.0,2.0,0.0,6574.0,15.0,0.0022817158503194404,0.0,0.0,0.0,0.0,2.0,0.9969402925875559,3073.0,3501.0,46.744752053544254,53.255247946455725
849,fri_c0_1000_25 (2),25.0,96.15384615384615,-8.999999987269192e-09,1.0000000079650146,-1.257224008441998,-0.07281649005204442,1.5600000014912015e-09,1.0000000302914849,-1.1968273423451803,-0.00023616636789024258,1.5000000038956073e-08,1.000000051906455,-1.1340073098338364,0.1218984115781018,-4.500000006596452e-09,-9.999999449616936e-10,7.999999986657569e-09,1.0000000250673675,1.000000030640486,1.000000038596579,-1.222078945781924,-1.204349888917735,-1.1664228403691694,-0.0258601339961678,-0.003934367145833318,0.02716024045589675,1.0,1.0,3.8461538461538463,3.8461538461538463,,,,,,,,,,,,,,,2.0,2.0,2.0,0.0,1000.0,26.0,0.026,0.0,0.0,0.0,0.0,2.0,0.9999740313334508,497.0,503.0,49.7,50.3
866,fri_c2_1000_50 (2),50.0,98.0392156862745,-1.999999991975088e-08,1.0000000139811769,-1.2853052883864562,-0.0778932634599283,6.400000116321692e-10,1.0000000289321551,-1.163343809774897,0.02174387621388021,2.1000000034132598e-08,1.000000059678191,0.10209481112704344,0.7386229431696506,-5.999999959919143e-09,4.999999534405218e-10,7.250000034597637e-09,1.0000000223328902,1.000000029087514,1.0000000334926018,-1.2172356107439362,-1.1942166868374122,-1.174649782075066,-0.028657197560502026,0.008602717656299792,0.060456062893238564,1.0,1.0,1.96078431372549,1.96078431372549,,,,,,,,,,,,,,,2.0,2.0,2.0,0.0,1000.0,51.0,0.051,0.0,0.0,0.0,0.0,2.0,0.9805107178796568,418.0,582.0,41.8,58.2
871,pollen (2),5.0,83.33333333333334,-0.003636642411642444,3.144394590429437,-0.3087882324123812,-0.13058045094003162,0.0008058939708938329,6.529446437142662,-0.09660835571472726,0.02061748290880903,0.004237032224532028,10.043091650980065,0.19518735117786207,0.10979375313044712,-0.0017384875259876744,0.00016629417879406245,0.0036700753638252257,4.1653525715308275,6.398236557183355,8.95914524273415,-0.2345376389440685,-0.15547870901963412,0.07075610416706746,-0.09381532042245767,0.0721900276939728,0.10926401384749387,1.0,1.0,16.666666666666664,16.666666666666664,,,,,,,,,,,,,,,2.0,2.0,2.0,0.0,3848.0,6.0,0.0015592515592515591,0.0,0.0,0.0,0.0,2.0,1.0,1924.0,1924.0,50.0,50.0
881,mv (2),7.0,63.63636363636363,-12.497746139128733,0.5769759987326427,-1.2054637290423134,-0.3213970552702773,195.93714543823936,27.437454144768488,-1.0763234053159079,0.09261384330417144,1100.2709723312405,115.27303730661535,-0.5884095133947267,0.9737649773688049,-11.039427588108321,-0.003479216517857177,299.22740423861853,1.4439636702716634,3.0234160845268416,58.045712341115674,-1.2036877914266522,-1.1981209273220916,-0.9477199965281362,-0.0058073275966484435,-0.000785974385041192,0.004869004163365361,4.0,3.0,36.36363636363637,27.27272727272727,0.8070522790844934,1.001707660080627,1.3204199058145485,0.8070522790844934,0.8776507953428391,1.3204199058145485,1.4139430239999997e-05,0.07489185248075,0.2230909398455,1.4139430239999997e-05,0.00157047816651,0.2230909398455,12.991015473633231,12.375389002937313,2.0,2.25,3.0,0.5,40768.0,11.0,0.0002698194662480377,0.0,0.0,0.0,0.0,2.0,0.9729212144264806,16447.0,24321.0,40.34291601255889,59.657083987441126
897,colleges_aaup (2),13.0,76.47058823529412,12.735572782084393,19.514093510979702,-0.02991007862599116,0.34358420480988844,550.7556300141797,270.6057999544828,7.297836238068724,1.6363623402677259,3052.0473729543355,2411.623526045175,50.9096251366279,5.815258975041082,83.74074074074076,420.3703703703703,525.418962026773,72.17282678834677,92.2867193566012,131.64151497610425,0.21189934058201376,0.5367715420788586,9.790153056728322,0.4326393685013813,0.6846258112240072,2.8091608637459133,4.0,1.0,23.529411764705877,5.882352941176469,1.4348357527596318,3.341443150929032,5.248050549098432,1.4348357527596318,3.341443150929032,5.248050549098432,0.046780705616800006,0.262944728900815,0.47910875218483,0.046780705616800006,0.262944728900815,0.47910875218483,3.350418203280184,11.707777656913796,2.0,19.333333333333336,52.0,28.30783166074952,1161.0,17.0,0.014642549526270456,256.0,1.297056290216345,87.0,7.493540051679587,2.0,0.8809748061658637,348.0,813.0,29.97416020671835,70.02583979328165
901,fried (2),10.0,90.9090909090909,0.49696970663265294,0.28730783785963604,-1.2031909185156069,-0.004213611293081968,0.4997044422095761,0.2883493317998891,-1.1965749447053786,0.0015462381676241005,0.5021512460753532,0.28917301487592284,-1.1873509143460634,0.015135241121039606,0.498203824077708,0.500290902178179,0.5006687843406594,0.2880257695265549,0.2883500428453297,0.2889164337273076,-1.199037067045667,-1.1970418558311346,-1.1934149072928537,-0.003244332618399768,-0.0006863512413754555,0.004502746051112189,1.0,1.0,9.090909090909092,9.090909090909092,,,,,,,,,,,,,,,2.0,2.0,2.0,0.0,40768.0,11.0,0.0002698194662480377,0.0,0.0,0.0,0.0,2.0,0.9999967900153528,20341.0,20427.0,49.89452511773941,50.10547488226059
903,fri_c2_1000_25 (2),25.0,96.15384615384615,-1.8000000034046336e-08,1.00000001202475,-1.2563471302939586,-0.0918713055324986,3.4399999938104777e-09,1.0000000279671313,-1.1319274508634911,0.02396833089330197,2.300000001598245e-08,1.0000000472734951,-0.07609190660290066,0.6865202622185914,-1.0000000107909802e-09,3.99999996725242e-09,9.999999965898398e-09,1.000000020758225,1.0000000269267304,1.0000000357438223,-1.2219585247322118,-1.1920337650846409,-1.166079675643628,-0.039475565009069485,-0.013401507149805262,0.0266104540208852,1.0,1.0,3.8461538461538463,3.8461538461538463,,,,,,,,,,,,,,,2.0,2.0,2.0,0.0,1000.0,26.0,0.026,0.0,0.0,0.0,0.0,2.0,0.9885173903891564,437.0,563.0,43.7,56.3
904,fri_c0_1000_50 (2),50.0,98.0392156862745,-1.0999999974337091e-08,1.0000000082126956,-1.275300274199753,-0.1073201872901566,2.819999994221751e-09,1.0000000291025737,-1.196670486374032,-0.009653422595721762,2.1000000000270802e-08,1.0000000455900069,-1.1082049020817486,0.08420705222113267,-2.2500000174882627e-09,3.00000000094669e-09,8.000000010888187e-09,1.0000000235045785,1.0000000296702931,1.000000033771133,-1.2239776144958885,-1.199464704286885,-1.16381992979169,-0.05263293732723345,0.004587096263965419,0.021936494092771267,1.0,1.0,1.96078431372549,1.96078431372549,,,,,,,,,,,,,,,2.0,2.0,2.0,0.0,1000.0,51.0,0.051,0.0,0.0,0.0,0.0,2.0,0.99971144175281,490.0,510.0,49.0,51.0
910,fri_c1_1000_10 (2),10.0,90.9090909090909,-1.500000001353197e-08,1.0000000127016138,-1.2770911814669963,-0.06941128657694708,1.8999999959821994e-09,1.000000026157903,-1.1504557815091057,-0.02122588591637924,1.8000000018503215e-08,1.000000037667372,-0.7399375228569363,0.035360156188377574,-4.500000028035897e-09,4.2188475647131275e-18,8.749999991036759e-09,1.000000020891846,1.0000000273338632,1.0000000309411556,-1.2348257611818096,-1.1761492447995274,-1.1538166481449317,-0.05255493298626211,-0.019786525068130854,0.01186506666103631,1.0,1.0,9.090909090909092,9.090909090909092,,,,,,,,,,,,,,,2.0,2.0,2.0,0.0,1000.0,11.0,0.011,0.0,0.0,0.0,0.0,2.0,0.9881489563064276,436.0,564.0,43.6,56.39999999999999
912,fri_c2_1000_5 (2),5.0,83.33333333333334,-1.3000000023355442e-08,1.0000000155542288,-1.2143142121053592,-0.06449535331040257,2.8000000020331213e-09,1.0000000267610072,-0.8201503773918812,0.13104795562724447,2.5000000001274006e-08,1.00000003924755,0.2123575158193125,0.6665959622155031,-6.500000021451153e-09,3.019806626980426e-17,1.3500000011434918e-08,1.0000000201070312,1.0000000253606864,1.0000000341151436,-1.2033426513172285,-1.1111353316686792,-0.291465626328135,-0.04809373050335677,0.01764360436122991,0.36689181739085297,1.0,1.0,16.666666666666664,16.666666666666664,,,,,,,,,,,,,,,2.0,2.0,2.0,0.0,1000.0,6.0,0.006,0.0,0.0,0.0,0.0,2.0,0.9795438195294626,416.0,584.0,41.6,58.4
913,fri_c2_1000_10 (2),10.0,90.9090909090909,-1.099999998865897e-08,1.0000000215812697,-1.2170767192419627,-0.072089175077776,7.00000010284141e-10,1.0000000330760213,-0.9976140651050688,0.09604639514625576,1.8000000027162956e-08,1.0000000471367636,0.2466847368917717,0.7414629966730909,-4.750000044059788e-09,2.1815882597666087e-17,4.000000038251184e-09,1.0000000271177676,1.0000000336831012,1.000000038264458,-1.2009690496823917,-1.1698867357223124,-1.0238643881850369,-0.049612361231139684,0.04574197639175871,0.0972704171455113,1.0,1.0,9.090909090909092,9.090909090909092,,,,,,,,,,,,,,,2.0,2.0,2.0,0.0,1000.0,11.0,0.011,0.0,0.0,0.0,0.0,2.0,0.9814538950336535,420.0,580.0,42.0,57.99999999999999
914,balloon (2),2.0,66.66666666666666,2.0958020989505246,0.1738389162862918,16.966793966664962,-2.9163403514068733,2.0958020989505246,0.1738389162862918,16.966793966664962,-2.9163403514068733,2.0958020989505246,0.1738389162862918,16.966793966664962,-2.9163403514068733,2.0958020989505246,2.0958020989505246,2.0958020989505246,0.1738389162862918,0.1738389162862918,0.1738389162862918,16.966793966664962,16.966793966664962,16.966793966664962,-2.9163403514068733,-2.9163403514068733,-2.9163403514068733,1.0,1.0,33.33333333333333,33.33333333333333,,,,,,,,,,,,,,,2.0,2.0,2.0,0.0,2001.0,3.0,0.0014992503748125937,0.0,0.0,0.0,0.0,2.0,0.7964999003057881,482.0,1519.0,24.087956021989,75.91204397801098
917,fri_c1_1000_25 (2),25.0,96.15384615384615,-2.300000004007429e-08,1.0000000025524876,-1.2563751242391203,-0.07323765865124877,-1.5600000114346369e-09,1.0000000289220985,-1.1782588915118444,0.006211504326671189,2.1999999992472486e-08,1.0000000439368304,-0.7997867396054295,0.12577027701605425,-1.0000000008059118e-08,-4.000000023429706e-09,5.999999952654988e-09,1.000000022611291,1.0000000315659126,1.0000000362718473,-1.2102111086798049,-1.1911892017278751,-1.1791426771763125,-0.02854156401503705,0.003227668531983953,0.02910770918735644,1.0,1.0,3.8461538461538463,3.8461538461538463,,,,,,,,,,,,,,,2.0,2.0,2.0,0.0,1000.0,26.0,0.026,0.0,0.0,0.0,0.0,2.0,0.993885872489772,454.0,546.0,45.4,54.6
923,visualizing_soil (2),3.0,60.0,0.7385423909269762,0.42907735828339694,-1.264512246822013,0.018177729437555933,17.852376846815574,10.115507652577161,-0.7889207845004848,0.2559250228128789,50.91380048605486,28.81016651712464,-0.007288159544537098,0.5615952184002584,0.7385423909269762,1.9047876634648768,50.91380048605486,0.42907735828339694,1.1072790823234426,28.81016651712464,-1.264512246822013,-1.0949619471349044,-0.007288159544537098,0.018177729437555933,0.18800212060082225,0.5615952184002584,2.0,2.0,40.0,40.0,0.797754775489027,0.797754775489027,0.797754775489027,0.797754775489027,0.797754775489027,0.797754775489027,0.25356456681769,0.25356456681769,0.25356456681769,0.25356456681769,0.25356456681769,0.25356456681769,3.9152133195034593,2.1461603074163094,2.0,2.0,2.0,0.0,8641.0,5.0,0.0005786367318597385,0.0,0.0,0.0,0.0,2.0,0.9927593693587448,3888.0,4753.0,44.99479226941328,55.005207730586726
930,colleges_usnews (2),32.0,91.42857142857143,1.6390168970814132,0.4804701944013999,-1.666672182032963,-0.6230301616625689,1716.3688539909353,1117.107958645161,8.589933861939349,1.4966319491800042,9276.905616224643,5348.1626262654245,50.07915787245156,6.136469733708752,70.29203498737185,540.2124796506102,2401.2574256013518,18.954792106261337,99.95006637027187,1548.9729655108426,0.16536863272151126,0.7367557965357074,16.6010075312928,0.3885434178202273,0.6316364403193302,2.810618423165536,3.0,1.0,8.571428571428571,2.8571428571428568,5.250159212499937,5.250159212499937,5.250159212499937,5.250159212499937,5.250159212499937,5.250159212499937,0.10942146400494,0.10942146400494,0.10942146400494,0.10942146400494,0.10942146400494,0.10942146400494,9.117668014005307,46.98107263729272,2.0,26.5,51.0,34.648232278140824,1302.0,35.0,0.026881720430107527,7830.0,17.182356813693215,1144.0,87.8648233486943,2.0,0.9976685824034748,614.0,688.0,47.15821812596006,52.84178187403994
934,socmob (2),1.0,16.666666666666664,16.940743944636615,44.35826917409464,81.8767230327217,7.193711684480988,16.940743944636615,44.35826917409464,81.8767230327217,7.193711684480988,16.940743944636615,44.35826917409464,81.8767230327217,7.193711684480988,16.940743944636615,16.940743944636615,16.940743944636615,44.35826917409464,44.35826917409464,44.35826917409464,81.8767230327217,81.8767230327217,81.8767230327217,7.193711684480988,7.193711684480988,7.193711684480988,5.0,3.0,83.33333333333334,50.0,1.0,2.54373142062517,4.08746284125034,1.0,2.54373142062517,4.08746284125034,0.03844960801425,0.093167884748895,0.17406021918159,0.042071806752445,0.08008085589986999,0.15735099159437,8.187502596963409,26.302663653693603,2.0,8.0,17.0,8.215838362577491,1156.0,6.0,0.005190311418685121,0.0,0.0,0.0,0.0,2.0,0.7628122983351655,256.0,900.0,22.14532871972318,77.85467128027682
953,splice (2),0.0,0.0,,,,,,,,,,,,,,,,,,,,,,,,,62.0,1.0,100.0,1.6129032258064515,1.6679869019048017,1.9780144516767608,2.008563280196724,1.986921112054029,1.9958149659372768,1.998574767602853,0.00054056487359,0.02571337367648033,0.34545730950028003,0.0035862242293275,0.007098276132275001,0.017563100320435,38.85056107092467,75.92551263648548,2.0,4.737704918032787,6.0,0.602816703602411,3190.0,62.0,0.019435736677115987,0.0,0.0,0.0,0.0,2.0,0.9989789943576058,1535.0,1655.0,48.11912225705329,51.88087774294671
958,segment (2),19.0,95.0,-12.690860359307358,0.0,-1.215870969891144,-0.8853608418421668,24.633144133606745,25.314714480723204,38.517190779700535,3.3209588552307303,124.91385281385281,72.95653249057915,339.2210942819812,16.900935255171692,0.0143338,8.243692254978354,37.0515949844156,1.5453355472143795,19.571818883227998,43.52745802268137,0.09497152241672613,0.6887408923065033,34.34011900168904,0.6910972018286047,1.3027814412514287,5.366954511062667,1.0,1.0,5.0,5.0,,,,,,,,,,,,,,,2.0,2.0,2.0,0.0,2310.0,20.0,0.008658008658008658,0.0,0.0,0.0,0.0,2.0,0.5916727785823275,330.0,1980.0,14.285714285714285,85.71428571428571
959,nursery (2),0.0,0.0,,,,,,,,,,,,,,,,,,,,,,,,,9.0,2.0,100.0,22.222222222222214,1.0,1.7077222622214985,2.3219280948873617,1.584962500721156,1.584962500721156,2.0,-1e-14,0.1147869792568075,0.91829583405449,-1e-14,0.0,0.0,8.000000000000258,13.877316863621711,2.0,3.2222222222222223,5.0,0.9718253158075502,12960.0,9.0,0.0006944444444444446,0.0,0.0,0.0,0.0,2.0,0.9182958340544896,4320.0,8640.0,33.33333333333333,66.66666666666666
962,mfeat-morphological (2),6.0,85.71428571428571,0.4924999999999951,0.2913157157607597,-1.0383558022952837,-0.06283666261436584,1052.69973157425,630.9070825139272,-0.536236901117519,0.5315671733271877,6155.200435159501,3757.634467007477,0.0794938700561878,1.0084830014756712,0.6582499999999927,1.686534393000002,1656.1142729148748,0.571544998697439,0.9208719889146832,958.1661269689836,-0.8692490791288309,-0.6352635311751935,-0.11149071301766612,0.21477126519006934,0.6245331546216625,0.7676581134191292,1.0,1.0,14.285714285714285,14.285714285714285,,,,,,,,,,,,,,,2.0,2.0,2.0,0.0,2000.0,7.0,0.0035,0.0,0.0,0.0,0.0,2.0,0.4689955935892812,200.0,1800.0,10.0,90.0
966,analcatdata_halloffame (2),15.0,83.33333333333334,0.2687738805970149,0.02519288408443,0.2523895391254345,-1.8663891071518195,637.4240550806572,324.92966790949765,2.1412222749209304,0.8335889988230164,4534.612686567164,2094.191123804227,8.03249062149215,2.4656389038958446,0.9663701492537312,203.22537313432844,635.3134328358208,0.06056474888614795,116.5760526641402,376.400804482129,0.6304206769153993,1.0929791300745273,3.550029422261427,0.4861180401193656,0.9564090413257388,1.5172748897773132,3.0,1.0,16.666666666666664,5.5555555555555545,2.425668852801949,2.425668852801949,2.425668852801949,2.425668852801949,2.425668852801949,2.425668852801949,0.01016667516134,0.01016667516134,0.01016667516134,0.01016667516134,0.01016667516134,0.01016667516134,44.00022990667928,237.59017961209636,2.0,4.5,7.0,3.5355339059327378,1340.0,18.0,0.013432835820895522,20.0,0.08291873963515754,20.0,1.4925373134328357,2.0,0.4473360444854856,125.0,1215.0,9.328358208955224,90.67164179104479
971,mfeat-fourier (2),76.0,98.7012987012987,0.071692038,0.03755549916940607,-1.1252788156977565,-0.12062464375872416,0.13203208900657895,0.06710795178586793,0.11900638918644176,0.5447007788027887,0.377310566,0.176230660725055,1.9949206871448817,1.029984873432152,0.08632613812500001,0.10649988175,0.1557681045,0.04270430641637575,0.05275929846954595,0.08633520142396503,-0.17890287335065524,0.06302314680287502,0.43810415842491135,0.4089912174179932,0.5542277798958595,0.7107850264720676,1.0,1.0,1.2987012987012987,1.2987012987012987,,,,,,,,,,,,,,,2.0,2.0,2.0,0.0,2000.0,77.0,0.0385,0.0,0.0,0.0,0.0,2.0,0.4689955935892812,200.0,1800.0,10.0,90.0
976,JapaneseVowels (2),14.0,93.33333333333331,-0.5287156576648931,0.09799855892164573,-0.8638008103013965,-0.3778450818905286,2.053272292418996,1.7055517441171866,-0.03718575752002872,0.10983669969140136,20.364320851319977,15.878836157411492,3.795248193837544,1.6968856421615754,-0.21397178523742594,-0.03520136607770305,0.3734329478466017,0.15211050528196218,0.22715601717489226,0.41269642879279056,-0.4827535427937151,-0.22106090185246965,-0.1384411182035048,-0.27264687767182605,0.07469886495967731,0.2410532541165403,1.0,1.0,6.666666666666668,6.666666666666668,,,,,,,,,,,,,,,2.0,2.0,2.0,0.0,9961.0,15.0,0.0015058729043268748,0.0,0.0,0.0,0.0,2.0,0.6391484789513524,1614.0,8347.0,16.20319245055717,83.79680754944283
977,letter (2),16.0,94.11764705882351,3.046099999999995,1.546722436319954,-0.4211788221168451,-0.31007906987268463,5.9254656249999975,2.273771145446362,0.6977379005298701,0.29029703410184804,8.338849999999995,3.304555303560268,2.075245046157538,1.1599750154235924,4.174812499999999,5.9132250000000015,7.726012499999999,2.0174388128267267,2.2933721022270195,2.547423135491912,0.3091324958538607,0.8853044390128566,1.1728389823381402,-0.13733042812365298,0.2543345879398813,0.653378002627639,1.0,1.0,5.882352941176469,5.882352941176469,,,,,,,,,,,,,,,2.0,2.0,2.0,0.0,20000.0,17.0,0.00085,0.0,0.0,0.0,0.0,2.0,0.2452645188737296,813.0,19187.0,4.065,95.935
978,mfeat-factors (2),216.0,99.53917050691244,6.7674999999999965,1.9854850353031408,-1.3893209589478623,-1.0738237890694695,318.2703888888889,49.58131318395632,-0.315188200704828,0.027560516903782386,1141.5704999999996,153.51158138902838,1.7012862999932459,0.8630705307139119,14.118125000000004,146.4797499999999,684.5027499999998,5.5426893179096135,30.29006567694612,91.59687126428517,-0.6970467475463484,-0.4026911656287315,0.01138630535997398,-0.2190263674003187,-0.014119361298266794,0.3665125978251143,1.0,1.0,0.4608294930875576,0.4608294930875576,,,,,,,,,,,,,,,2.0,2.0,2.0,0.0,2000.0,217.0,0.1085,0.0,0.0,0.0,0.0,2.0,0.4689955935892812,200.0,1800.0,10.0,90.0
979,waveform-5000 (2),40.0,97.56097560975607,-0.025552000000000002,0.9764529543579722,-0.679051825631459,-0.27203078157249977,0.8994882,1.27111559694555,-0.19641749321969915,0.03546827362426717,3.322468,2.0326737966079764,0.1506082599750216,0.2720371073231119,-0.0009889999999999864,0.03181099999999998,2.00251,0.999686771782126,1.0138703067658228,1.6570866923837764,-0.4849521099111871,-0.05122710616511617,0.019352277802150986,-0.02425950639665907,0.016415358784205282,0.08459325201338166,1.0,1.0,2.4390243902439024,2.4390243902439024,,,,,,,,,,,,,,,2.0,2.0,2.0,0.0,5000.0,41.0,0.0082,0.0,0.0,0.0,0.0,2.0,0.9232793793699432,1692.0,3308.0,33.84,66.16
980,optdigits (2),64.0,98.46153846153848,0.0,0.0,-1.646519852942154,-1.3029924517157276,4.911243327402135,3.686292464928632,168.55386930105925,5.451185659375441,11.989679715302492,6.518238490323084,2807.4985758153466,52.99527777138423,0.26103202846975304,4.565569395017791,9.04915480427047,0.9671170904003789,4.301746897924311,5.86637152935096,-1.3729913768757025,0.07721647432773547,20.296405116214235,-0.32992700595175056,0.5599451157139905,4.0666119739712565,1.0,1.0,1.5384615384615383,1.5384615384615383,,,,,,,,,,,,,,,2.0,2.0,2.0,0.0,5620.0,65.0,0.011565836298932384,0.0,0.0,0.0,0.0,2.0,0.4746107857650241,572.0,5048.0,10.177935943060499,89.82206405693951
991,car (2),0.0,0.0,,,,,,,,,,,,,,,,,,,,,,,,,7.0,1.0,100.0,14.285714285714285,1.584962500721156,1.792481250360578,2.0,1.584962500721156,1.792481250360578,2.0,0.003670809930570001,0.08758095330423334,0.22862893404585,0.01035942241632,0.03061260457518,0.22168608860175,10.059353326234056,19.466564735073927,2.0,3.2857142857142856,4.0,0.7559289460184544,1728.0,7.0,0.004050925925925926,0.0,0.0,0.0,0.0,2.0,0.8810077539356893,518.0,1210.0,29.97685185185185,70.02314814814815
993,kdd_ipums_la_97-small (1),33.0,54.098360655737714,0.0011397634990739241,0.04464942426829867,-1.987106513982272,-0.8885221265638245,48835.086578853035,75319.6412885513,65.68960558983906,3.0525361524437624,486783.79213563143,485340.1937892819,1786.9228646745478,41.55623245745555,0.6295768628009686,3.759652372132783,25324.53027496795,0.5094455999224672,2.065248481368717,43338.17981437498,-0.7012589606238848,0.3124384162679288,11.371088845077505,0.5101463768899901,1.1397312835692472,2.200214167355755,28.0,9.0,45.901639344262286,14.754098360655734,0.0,1.5633438144684129,4.363720727311495,0.8764131789226459,1.084126355295022,2.0775796801867124,0.0,0.18355033433018444,0.6915823524825101,0.00760155425148,0.07965808205311001,0.29712366609067,5.177544676480048,7.5172485257158375,1.0,23.07142857142857,191.0,47.289438623132384,7019.0,61.0,0.008690696680438809,43814.0,10.233114333693793,7019.0,100.0,2.0,0.9503400563773796,2594.0,4425.0,36.956831457472575,63.043168542527425
995,mfeat-zernike (2),47.0,97.91666666666666,0.078554273,0.06655200512317737,-0.9914117208134604,0.005491522893857621,88.6364294204149,40.12545292131791,0.735395610411278,0.7908300749973217,508.90257164800005,124.19249364867741,4.3700978035678135,1.7945990752452112,7.537383482,69.8818967475,126.832656747,3.75799007880332,37.878377915175335,65.2113448668741,-0.4612428034124716,0.4440464092168997,1.8699835823399282,0.3790488783673602,0.7415928750304965,1.2548334728441497,1.0,1.0,2.083333333333333,2.083333333333333,,,,,,,,,,,,,,,2.0,2.0,2.0,0.0,2000.0,48.0,0.024,0.0,0.0,0.0,0.0,2.0,0.4689955935892812,200.0,1800.0,10.0,90.0
57,hypothyroid (1),7.0,23.33333333333333,0.9949997045790252,0.1954572751132881,4.073471498748956,1.2326742385072782,46.43668969641138,19.05387758896556,51.41313506551009,3.5691918824691085,110.46964865662822,35.604247607641,238.18146237806357,13.882652755041704,1.7588748012696314,28.41132258295655,108.85692077754308,0.6694399621432919,22.3032143933016,33.71833515687218,5.982197043232064,8.871303806575769,90.94248810329344,1.2589465934783108,1.5381528946217138,4.937524038925616,23.0,20.0,76.66666666666667,66.66666666666666,0.0,0.33755530471128503,1.5206899125074091,0.0987401719719687,0.2593748523170293,0.4759318019149815,0.0,0.0023033179412581817,0.01195055117111,0.0003639469204675,0.0010913177000150002,0.002305393613935,202.5849704152198,145.55176285688822,1.0,2.1739130434782608,5.0,0.7776522892681231,3772.0,30.0,0.007953340402969244,6064.0,5.358784022622834,3772.0,100.0,4.0,0.4666175969866338,2.0,3481.0,0.05302226935312832,92.28525980911984
1019,pendigits (2),16.0,94.11764705882351,28.845342066957787,16.218570675493947,-1.6857931744696484,-1.4911828752029317,50.711045533115005,29.774238237334853,-0.501042935533417,-0.03919608212030848,85.12026928675397,41.76039983312041,3.0507472845475934,0.948264683112214,35.90636371906841,48.52893013100446,59.60441684861714,26.506410017106628,30.2414923899796,34.22721936799061,-1.1972600845920125,-0.7839021550500958,-0.260617128652207,-0.4250896848780795,0.08645947162697144,0.44735729477907227,1.0,1.0,5.882352941176469,5.882352941176469,,,,,,,,,,,,,,,2.0,2.0,2.0,0.0,10992.0,17.0,0.0015465793304221252,0.0,0.0,0.0,0.0,2.0,0.4817836662695728,1144.0,9848.0,10.407569141193596,89.5924308588064
16,mfeat-karhunen (1),64.0,98.46153846153848,-1.81970727405,0.8923441138647591,-0.944709265915264,-0.3391130927319128,0.053084739246640686,2.1526628287026788,-0.04565484575249607,-0.004285662607736754,2.8911711242900013,7.691305182325388,0.580942601366925,0.4187220480956684,-0.29841679518749986,0.004483087817499814,0.3324611388650001,1.1438482801014436,1.6476505065816718,2.6614803695239697,-0.14952953711034322,-0.017345885787890536,0.07165494057478039,-0.10420201025097076,-0.020815908469464902,0.0591765364965291,1.0,0.0,1.5384615384615383,0.0,,,,,,,,,,,,,,,10.0,10.0,10.0,0.0,2000.0,65.0,0.0325,0.0,0.0,0.0,0.0,10.0,3.3219280948873617,200.0,200.0,10.0,10.0
30,page-blocks (1),10.0,90.9090909090909,0.3686424264571532,0.17066127880753776,0.6919281142973475,-0.8347174977898819,253.3275863146391,840.2336192978349,652.829669012381,14.71145196752045,1198.4056276265449,4849.37695008372,4816.887814668215,67.42540616199,4.86072186186736,51.66111054266465,459.7251050612191,14.264862124545102,91.90038906506241,1423.1258869272854,3.990658210679456,123.98823394304979,528.4812332352154,1.985556904427686,8.931144052030959,19.73532770124508,1.0,0.0,9.090909090909092,0.0,,,,,,,,,,,,,,,5.0,5.0,5.0,0.0,5473.0,11.0,0.0020098666179426275,0.0,0.0,0.0,0.0,5.0,0.6354628258660037,28.0,4913.0,0.5116024118399416,89.76795176320118
40992,sylva_agnostic (2),40.0,18.433179723502306,191.06154914901018,74.5367123211028,-1.2385939258800829,-1.178957697574175,454.97339527613764,152.7299207847029,1.2607659458456506,0.2825758936905561,879.1344911427582,312.03856011305686,7.241882975890883,2.018757074890178,276.3860020840571,380.2615491490103,560.7346648141717,105.31623985783965,144.89838722166775,185.323019191638,0.4008385563902338,1.0223100136165326,1.7074363730903344,-0.8283669595482216,0.5595082377505985,1.1245953469473768,177.0,173.0,81.56682027649771,79.72350230414746,,,,,,,,,,,,,,,1.0,1.9774011299435028,2.0,0.14904248402442347,14395.0,217.0,0.015074678707884684,0.0,0.0,0.0,0.0,,,,,,
1040,sylva_prior (1),108.0,99.08256880733946,0.0,0.0,-1.9628904599687635,-1.1756720285571955,84.19905895822882,28.35224154276888,784.3804484352928,15.047171054698179,878.698159083015,309.82999474634204,14394.999999999138,119.97916485789372,0.003317124001389369,0.022820423758249442,0.10071205279610984,0.05749559877990816,0.14933582197045747,0.3009575133876265,5.603228531520815,38.791078401144965,283.0021915391331,2.653500693640604,6.386367425952373,16.880843345202653,1.0,1.0,0.9174311926605504,0.9174311926605504,,,,,,,,,,,,,,,2.0,2.0,2.0,0.0,14395.0,109.0,0.007572073636679401,0.0,0.0,0.0,0.0,2.0,0.3335640121480651,886.0,13509.0,6.154914901007293,93.84508509899271
1041,gina_prior2 (1),784.0,99.87261146496814,0.0,0.0,-1.8266918531360719,-0.19538644201546146,33.461680628133614,49.10647328748106,410.26308720799904,11.136684635318007,137.57237600922718,113.78280741789517,3468.000000000559,58.88972745736397,0.10142733564013838,6.967848904267576,68.9075115340254,3.7764398002651056,36.70174940097253,101.19280675285064,-1.1897036241354142,8.836610014743949,182.8258522077705,0.7808931636625442,3.1769964001912068,13.090694280760147,1.0,0.0,0.12738853503184713,0.0,,,,,,,,,,,,,,,10.0,10.0,10.0,0.0,3468.0,785.0,0.22635524798154555,0.0,0.0,0.0,0.0,10.0,3.318768968241323,315.0,383.0,9.083044982698961,11.043829296424454
1049,pc4 (1),37.0,97.36842105263158,0.07064471879286696,0.1198623702704126,-1.5109530299949825,-0.4639306888169806,583.4640334779226,1837.8290669668522,105.0871480075218,6.450282232943058,19505.519540466397,62600.255064694364,771.6332888137742,25.483851976424926,1.4681069958847743,6.997256515775034,19.708847736625515,2.0213566367723192,9.48740590701204,26.373775044950506,9.73606658084686,48.0499420976743,173.8806340260204,2.8161318073942256,5.710990952498308,9.488261932499196,1.0,1.0,2.631578947368421,2.631578947368421,,,,,,,,,,,,,,,2.0,2.0,2.0,0.0,1458.0,38.0,0.026063100137174208,0.0,0.0,0.0,0.0,2.0,0.5353247216329435,178.0,1280.0,12.208504801097392,87.79149519890261
1050,pc3 (1),37.0,97.36842105263158,0.12455534229046708,0.12943827711259495,-1.4822370260657114,-0.5895053004377939,1008.1458672684204,10334.503124329438,238.9540458598084,10.324325597699103,34072.822693538066,358165.93572730635,1039.3380068388667,30.488993517150178,1.441858605246321,7.637875879718496,22.676583493282138,2.058382602555485,15.92828052824081,43.85840094501,9.984214976465344,144.273194565914,407.2738207707061,2.6324202171107656,9.777471538769179,16.299723810564462,1.0,1.0,2.631578947368421,2.631578947368421,,,,,,,,,,,,,,,2.0,2.0,2.0,0.0,1563.0,38.0,0.02431222008957134,0.0,0.0,0.0,0.0,2.0,0.4764549714253225,160.0,1403.0,10.236724248240565,89.76327575175944
1053,jm1 (1),21.0,95.45454545454544,0.13533486449242005,0.1605384477399967,3.3600523103582027,1.9206587292925688,1902.782368644972,21963.75301398026,586.6194695049691,15.836470747949765,36836.3653431329,434367.80125524563,2765.9879679639753,46.21215121044533,3.7013229214515375,14.17723748277455,57.249788602940036,9.062748417574056,22.597617346469026,125.93284053077517,187.2880459695256,392.2049277598112,557.8218633161355,9.996525984131477,13.648072779325632,16.647450971037983,1.0,1.0,4.545454545454546,4.545454545454546,,,,,,,,,,,,,,,2.0,2.0,2.0,0.0,10885.0,22.0,0.0020211299954065232,25.0,0.010439721050653527,5.0,0.04593477262287552,2.0,0.7086892115305543,2106.0,8779.0,19.347726228755167,80.65227377124484
1056,mc1 (1),38.0,97.43589743589745,0.012360025353898288,0.11049228413329988,-1.9570627744160565,-1.975756600767764,360.55809570540083,12709.178607947195,826.5262774688995,17.770067223247143,12649.49864673551,456367.9352694624,4585.1981864277695,67.2603486894521,0.8345922248045632,1.7913057257553378,7.2560020071836115,1.1308723782553525,6.337704611173708,18.20769774817049,42.250723776573174,216.1805602712595,1203.1397673884478,5.3359965112891485,10.24950686540491,26.890296534072828,1.0,1.0,2.564102564102564,2.564102564102564,,,,,,,,,,,,,,,2.0,2.0,2.0,0.0,9466.0,39.0,0.0041200084512993855,0.0,0.0,0.0,0.0,2.0,0.0614814326341265,68.0,9398.0,0.7183604479188676,99.28163955208113
1067,kc1 (1),21.0,95.45454545454544,0.08673779042200101,0.17550652636316466,1.2413950208681674,1.1407658504141105,285.09691661586515,915.455014376506,31.85339193107304,4.203178136828403,5242.386239924155,17444.98121137856,103.07904520134113,8.789034149895826,1.7170222854433477,7.631673779042244,26.14189426268393,3.2305652323985976,7.863645549059787,41.92522717121333,12.284905644252186,22.422776708097334,36.53033082841476,2.8698116956699784,3.737101378557055,4.706421340727173,1.0,1.0,4.545454545454546,4.545454545454546,,,,,,,,,,,,,,,2.0,2.0,2.0,0.0,2109.0,22.0,0.010431484115694644,0.0,0.0,0.0,0.0,2.0,0.6211733422333798,326.0,1783.0,15.457562825983878,84.54243717401611
1068,pc1 (1),21.0,95.45454545454544,0.12941388638412984,0.1469519403318078,13.730107138742545,2.172210812602952,1500.9949675812618,8678.609588564534,116.04528058633095,8.008505554819505,28822.882380523,170643.60332778358,410.48838673995436,18.550221072780666,4.008746618575299,15.396266907123534,58.69765554553661,7.292111258862487,16.54067599865951,99.00596250867235,56.28845420032504,90.71651180753851,113.15687940288026,5.650796484562278,7.428331461257432,8.41665120804005,1.0,1.0,4.545454545454546,4.545454545454546,,,,,,,,,,,,,,,2.0,2.0,2.0,0.0,1109.0,22.0,0.019837691614066733,0.0,0.0,0.0,0.0,2.0,0.3638001053192342,77.0,1032.0,6.943192064923355,93.05680793507663
1069,pc2 (1),36.0,97.2972972972973,0.028269815709429307,0.1523115434328261,-1.0229576433770136,-2.7690893712418885,80.89554874654578,840.5525122476186,682.048249463358,17.150831698501054,2498.297044193952,27917.169227522165,2756.1153864097087,45.84282019945322,0.9818397745571652,2.054124172481659,7.415772052245472,1.624515261721719,5.42487728693984,17.94980422757369,25.91815469588085,433.260221667724,1148.8280615697674,3.4550750124363634,17.539450243231414,27.187214796189746,1.0,1.0,2.7027027027027017,2.7027027027027017,,,,,,,,,,,,,,,2.0,2.0,2.0,0.0,5589.0,37.0,0.006620146716765074,0.0,0.0,0.0,0.0,2.0,0.03853718088787195,23.0,5566.0,0.411522633744856,99.58847736625515
1111,KDDCup09_appetency (1),192.0,83.11688311688313,-153278.6084867392,0.0,-1.6749586509971452,-1.7993209053239367,204444.10993774,402315.9072814239,434.5169541865615,11.57461851086812,6181967.170056238,25311869.22141751,26707.599128622416,148.08267504555428,4.182478493961739,32.3578745347187,28784.93684032249,9.034615459825588,97.36575042978671,94164.31945428453,14.829687409914735,93.96938230762531,382.7882142774788,3.1698045517373536,8.284472108138532,17.316391243797682,39.0,5.0,16.883116883116884,2.1645021645021645,0.0,3.4525344286211967,12.4635067558903,0.381888203302464,1.4098402056826604,7.071472706267839,0.0,0.008622383143487629,0.04513676368925,7.7756733195e-05,0.0009616546794500001,0.011549948275235,14.949843314301493,399.4153342720393,1.0,1833.48717948718,15415.0,4160.398063392966,50000.0,231.0,0.00462,8024152.0,69.47317748917749,50000.0,100.0,2.0,0.12890327699101445,890.0,49110.0,1.78,98.22
1112,KDDCup09_churn (1),192.0,83.11688311688313,-153278.6084867392,0.0,-1.6749586509971452,-1.7993209053239367,204444.10993774,402315.9072814239,434.5169541865615,11.57461851086812,6181967.170056238,25311869.22141751,26707.599128622416,148.08267504555428,4.182478493961739,32.3578745347187,28784.93684032249,9.034615459825588,97.36575042978671,94164.31945428453,14.829687409914735,93.96938230762531,382.7882142774788,3.1698045517373536,8.284472108138532,17.316391243797682,39.0,5.0,16.883116883116884,2.1645021645021645,0.0,3.4525344286211967,12.4635067558903,0.381888203302464,1.4098402056826604,7.071472706267839,0.0,0.019307252903823426,0.13134231397806,0.0001094300658925,0.0019737864497,0.01557586924857,19.61086195148842,177.82059378512054,1.0,1833.48717948718,15415.0,4160.398063392966,50000.0,231.0,0.00462,8024152.0,69.47317748917749,50000.0,100.0,2.0,0.3786318713593551,3672.0,46328.0,7.3439999999999985,92.656
1114,KDDCup09_upselling (1),192.0,83.11688311688313,-153278.6084867392,0.0,-1.6749586509971452,-1.7993209053239367,204444.10993774,402315.9072814239,434.5169541865615,11.57461851086812,6181967.170056238,25311869.22141751,26707.599128622416,148.08267504555428,4.182478493961739,32.3578745347187,28784.93684032249,9.034615459825588,97.36575042978671,94164.31945428453,14.829687409914735,93.96938230762531,382.7882142774788,3.1698045517373536,8.284472108138532,17.316391243797682,39.0,5.0,16.883116883116884,2.1645021645021645,0.0,3.4525344286211967,12.4635067558903,0.381888203302464,1.4098402056826604,7.071472706267839,0.0,0.02305252903661921,0.16459626001740998,0.0001521971133025,0.00166485582026,0.02400308661407,16.456454576701027,148.76814141028981,1.0,1833.48717948718,15415.0,4160.398063392966,50000.0,231.0,0.00462,8024152.0,69.47317748917749,50000.0,100.0,2.0,0.3793628969692055,3682.0,46318.0,7.364,92.636
1116,musk (1),167.0,98.23529411764706,-265.69096695968375,13.975250306712134,-1.6228664799260628,-1.4357544478344209,-46.007437449099186,85.95481143331763,1.711976546438137,0.477677611577284,201.76023037283963,131.32670957842402,51.136196401145604,6.318252943829838,-87.32756138223738,-54.406107911488704,-3.1210594119426007,69.41717294179007,85.43183571086072,101.73690375106806,-1.0396747086928242,-0.5131654500552867,1.111287679291602,-0.20425951283081345,0.09630208804437997,0.65976316520665,3.0,1.0,1.7647058823529411,0.5882352941176471,4.583687166691657,4.583687166691657,4.583687166691657,4.583687166691657,4.583687166691657,4.583687166691657,0.62009855901309,0.62009855901309,0.62009855901309,0.62009855901309,0.62009855901309,0.62009855901309,0.9999999999999968,6.3918687603254005,2.0,52.0,102.0,70.71067811865477,6598.0,170.0,0.02576538344953016,0.0,0.0,0.0,0.0,2.0,0.6200985590130881,1017.0,5581.0,15.413761745983633,84.58623825401637
1119,adult-census (1),7.0,43.75,10.0806793403151,2.5727203320673406,-0.16612745957135688,-0.3116758679102307,31838.7364945794,18894.465097013013,30.79484232617221,3.078361157044668,189778.366512085,105549.97769702236,154.79943785427525,11.953847687705968,31.456404901569343,63.87064279352589,48252.8282608028,9.903751594314944,208.30032560132008,31926.463487885063,0.4260511911794767,4.5677488870776175,53.982460748627126,0.09281293562589447,1.0028617319960136,6.434433763183223,9.0,2.0,56.25,12.5,0.7987406510139587,1.7810031117434604,3.4386220192408903,0.8414122063306055,1.596256941021621,2.737119122229027,0.008377946328510001,0.07213355762557623,0.16536575798522,0.011049414032615,0.063198103835495,0.1407936091163975,11.04040867270133,23.690354536346533,2.0,11.222222222222221,41.0,12.152960316089427,32561.0,16.0,0.000491385399711311,4262.0,0.8180799115506281,2399.0,7.367709836921471,2.0,0.7963839552022132,7841.0,24720.0,24.08095574460244,75.91904425539755
1120,MagicTelescope (1),11.0,91.66666666666666,-4.3317451577287205,0.11051079890195728,-0.5337036036008977,-1.1230780552847428,30.677838007360677,29.33458602526222,4.2731596123284605,0.6463449554867172,193.81802646687697,74.73178696313772,16.765406683786946,3.371627980775544,0.2409587513144063,6.685280888538376,34.04681848974762,0.4001522733222914,23.4655297287932,53.05160400659326,-0.21475672018584505,2.6991261168547083,8.261585440584037,-0.17151941301349327,0.5857915398743723,1.160043459148741,1.0,1.0,8.333333333333332,8.333333333333332,,,,,,,,,,,,,,,2.0,2.0,2.0,0.0,19020.0,12.0,0.0006309148264984228,0.0,0.0,0.0,0.0,2.0,0.9355152445467361,6688.0,12332.0,35.16298633017876,64.83701366982125
1128,OVA_Breast (1),10936.0,99.99085672487884,42.3017475728155,479.9342573153849,-0.8545858112510043,-0.003284873767121563,3374.6737420266577,2053.181427839312,53.91050564583802,4.124342802885239,117603.63682847895,148018.6850678784,1538.99750660616,39.19363683220957,911.969708737864,1554.4918446601941,2783.6676375404527,658.3657100958402,989.4851770856784,1854.9790170072351,5.195495699054586,12.5753277467606,38.09658801204646,1.6338268507082592,2.580548891146248,4.6696590379469445,1.0,1.0,0.009143275121148394,0.009143275121148394,,,,,,,,,,,,,,,2.0,2.0,2.0,0.0,1545.0,10937.0,7.078964401294497,0.0,0.0,0.0,0.0,2.0,0.76498360246812,344.0,1201.0,22.265372168284788,77.73462783171522
1130,OVA_Lung (1),10936.0,99.99085672487884,42.30174757281547,479.9342573153847,-0.8545858112509981,-0.003284873767121543,3374.6737420266577,2053.1814278393126,53.91050564583802,4.124342802885239,117603.63682847895,148018.6850678784,1538.9975066061654,39.19363683220924,911.969708737864,1554.4918446601941,2783.6676375404527,658.3657100958402,989.4851770856784,1854.9790170072345,5.195495699054613,12.575327746760586,38.09658801204628,1.633826850708259,2.5805488911462464,4.669659037946957,1.0,1.0,0.009143275121148394,0.009143275121148394,,,,,,,,,,,,,,,2.0,2.0,2.0,0.0,1545.0,10937.0,7.078964401294497,0.0,0.0,0.0,0.0,2.0,0.4076291728545772,126.0,1419.0,8.155339805825243,91.84466019417476
1134,OVA_Kidney (1),10936.0,99.99085672487884,42.3017475728155,479.9342573153847,-0.8545858112509905,-0.003284873767121486,3374.6737420266577,2053.1814278393126,53.910505645838,4.124342802885237,117603.63682847895,148018.6850678784,1538.997506606163,39.19363683220944,911.969708737864,1554.4918446601941,2783.6676375404527,658.3657100958402,989.485177085678,1854.979017007236,5.1954956990545975,12.575327746760532,38.09658801204628,1.6338268507082556,2.58054889114624,4.66965903794693,1.0,1.0,0.009143275121148394,0.009143275121148394,,,,,,,,,,,,,,,2.0,2.0,2.0,0.0,1545.0,10937.0,7.078964401294497,0.0,0.0,0.0,0.0,2.0,0.6537660230947842,260.0,1285.0,16.828478964401295,83.1715210355987
1138,OVA_Uterus (1),10936.0,99.99085672487884,42.30174757281545,479.9342573153845,-0.8545858112509919,-0.003284873767121455,3374.6737420266577,2053.181427839312,53.91050564583802,4.124342802885237,117603.63682847895,148018.68506787842,1538.99750660616,39.19363683220953,911.969708737864,1554.4918446601941,2783.6676375404527,658.3657100958402,989.4851770856784,1854.9790170072333,5.1954956990546135,12.575327746760568,38.096588012046546,1.6338268507082616,2.5805488911462406,4.669659037946938,1.0,1.0,0.009143275121148394,0.009143275121148394,,,,,,,,,,,,,,,2.0,2.0,2.0,0.0,1545.0,10937.0,7.078964401294497,0.0,0.0,0.0,0.0,2.0,0.4030907829522785,124.0,1421.0,8.025889967637541,91.97411003236246
1139,OVA_Omentum (1),10936.0,99.99085672487884,42.30174757281547,479.93425731538423,-0.8545858112509932,-0.003284873767121515,3374.6737420266577,2053.1814278393126,53.91050564583802,4.124342802885239,117603.63682847895,148018.68506787845,1538.9975066061475,39.19363683220936,911.969708737864,1554.4918446601941,2783.6676375404536,658.3657100958395,989.4851770856784,1854.9790170072336,5.195495699054668,12.575327746760587,38.096588012046254,1.6338268507082558,2.5805488911462366,4.669659037946947,1.0,1.0,0.009143275121148394,0.009143275121148394,,,,,,,,,,,,,,,2.0,2.0,2.0,0.0,1545.0,10937.0,7.078964401294497,0.0,0.0,0.0,0.0,2.0,0.2857091921720969,77.0,1468.0,4.983818770226537,95.01618122977348
1142,OVA_Endometrium (1),10936.0,99.99085672487884,42.30174757281547,479.9342573153843,-0.854585811250999,-0.0032848737671214642,3374.6737420266577,2053.181427839312,53.91050564583803,4.124342802885237,117603.63682847895,148018.68506787848,1538.9975066061627,39.19363683220944,911.969708737864,1554.4918446601944,2783.6676375404527,658.3657100958402,989.4851770856776,1854.9790170072336,5.195495699054675,12.575327746760669,38.096588012046354,1.6338268507082605,2.580548891146249,4.669659037946953,1.0,1.0,0.009143275121148394,0.009143275121148394,,,,,,,,,,,,,,,2.0,2.0,2.0,0.0,1545.0,10937.0,7.078964401294497,0.0,0.0,0.0,0.0,2.0,0.2399130409169096,61.0,1484.0,3.9482200647249193,96.05177993527508
1146,OVA_Prostate (1),10936.0,99.99085672487884,42.30174757281544,479.9342573153843,-0.8545858112509972,-0.0032848737671214968,3374.6737420266577,2053.181427839312,53.91050564583802,4.124342802885239,117603.63682847895,148018.68506787854,1538.9975066061652,39.19363683220982,911.969708737864,1554.4918446601941,2783.6676375404527,658.3657100958402,989.4851770856776,1854.9790170072336,5.195495699054613,12.57532774676063,38.096588012046375,1.6338268507082572,2.580548891146249,4.669659037946941,1.0,1.0,0.009143275121148394,0.009143275121148394,,,,,,,,,,,,,,,2.0,2.0,2.0,0.0,1545.0,10937.0,7.078964401294497,0.0,0.0,0.0,0.0,2.0,0.26326539563132384,69.0,1476.0,4.466019417475729,95.53398058252426
1161,OVA_Colon (1),10936.0,99.99085672487884,42.30174757281551,479.9342573153849,-0.8545858112509963,-0.003284873767121025,3374.6737420266577,2053.1814278393126,53.91050564583802,4.124342802885239,117603.63682847895,148018.6850678784,1538.99750660616,39.19363683220971,911.969708737864,1554.4918446601941,2783.6676375404527,658.3657100958402,989.4851770856787,1854.9790170072351,5.195495699054623,12.575327746760554,38.09658801204631,1.6338268507082632,2.580548891146249,4.669659037946945,1.0,1.0,0.009143275121148394,0.009143275121148394,,,,,,,,,,,,,,,2.0,2.0,2.0,0.0,1545.0,10937.0,7.078964401294497,0.0,0.0,0.0,0.0,2.0,0.6911361227419887,286.0,1259.0,18.51132686084142,81.48867313915858
1166,OVA_Ovary (1),10936.0,99.99085672487884,42.30174757281549,479.9342573153849,-0.8545858112509999,-0.003284873767121457,3374.6737420266577,2053.1814278393126,53.91050564583803,4.124342802885239,117603.63682847895,148018.68506787848,1538.9975066061645,39.19363683220992,911.969708737864,1554.4918446601941,2783.6676375404527,658.3657100958402,989.4851770856784,1854.9790170072351,5.195495699054593,12.575327746760655,38.09658801204628,1.6338268507082587,2.580548891146249,4.6696590379469365,1.0,1.0,0.009143275121148394,0.009143275121148394,,,,,,,,,,,,,,,2.0,2.0,2.0,0.0,1545.0,10937.0,7.078964401294497,0.0,0.0,0.0,0.0,2.0,0.5523574067765363,198.0,1347.0,12.815533980582526,87.18446601941747
